-- phpMyAdmin SQL Dump
-- version 4.5.1
-- http://www.phpmyadmin.net
--
-- Servidor: 127.0.0.1
-- Tiempo de generación: 21-11-2018 a las 21:42:54
-- Versión del servidor: 10.1.19-MariaDB
-- Versión de PHP: 5.6.28

SET SQL_MODE = "NO_AUTO_VALUE_ON_ZERO";
SET time_zone = "+00:00";


/*!40101 SET @OLD_CHARACTER_SET_CLIENT=@@CHARACTER_SET_CLIENT */;
/*!40101 SET @OLD_CHARACTER_SET_RESULTS=@@CHARACTER_SET_RESULTS */;
/*!40101 SET @OLD_COLLATION_CONNECTION=@@COLLATION_CONNECTION */;
/*!40101 SET NAMES utf8mb4 */;

--
-- Base de datos: `oferta_fp`
--

-- --------------------------------------------------------

--
-- Estructura de tabla para la tabla `centros`
--

CREATE TABLE `centros` (
  `territorio` varchar(12) COLLATE utf8_spanish_ci DEFAULT NULL,
  `dependencia` varchar(18) COLLATE utf8_spanish_ci DEFAULT NULL,
  `cod_centro` int(6) NOT NULL DEFAULT '0',
  `nom_centro` varchar(51) COLLATE utf8_spanish_ci DEFAULT NULL,
  `direccion` varchar(30) COLLATE utf8_spanish_ci DEFAULT NULL,
  `municipio` varchar(34) COLLATE utf8_spanish_ci DEFAULT NULL,
  `cp` int(5) DEFAULT NULL,
  `telefono` int(9) DEFAULT NULL,
  `fax` varchar(9) COLLATE utf8_spanish_ci DEFAULT NULL,
  `email` varchar(41) COLLATE utf8_spanish_ci DEFAULT NULL,
  `web` varchar(70) COLLATE utf8_spanish_ci DEFAULT NULL,
  `coord_x` decimal(24,8) DEFAULT NULL,
  `coord_y` decimal(24,7) DEFAULT NULL
) ENGINE=InnoDB DEFAULT CHARSET=utf8 COLLATE=utf8_spanish_ci;

--
-- Volcado de datos para la tabla `centros`
--

INSERT INTO `centros` (`territorio`, `dependencia`, `cod_centro`, `nom_centro`, `direccion`, `municipio`, `cp`, `telefono`, `fax`, `email`, `web`, `coord_x`, `coord_y`) VALUES
('ARABA/ÁLAVA', 'DEPART. EDUCACIÓN', 10108, 'IES I. AGRARIO ARKAUTE/ARKAUTE NEKAZARITZA I. BHI', 'ARKAUTE S/N', 'VITORIA-GASTEIZ', 1192, 945285387, '945410252', '010108aa@hezkuntza.net', 'http://www.mendikoi.net', '530508.78281927', '4744725.1949084'),
('ARABA/ÁLAVA', 'DEPART. EDUCACIÓN', 10133, 'IES FEDERICO BARAIBAR BHI', 'NIEVES CANO 14', 'VITORIA-GASTEIZ', 1006, 945230250, '945144921', '010133aa@hezkuntza.net', '', '526393.49632306', '4743017.0026060'),
('ARABA/ÁLAVA', 'DEPART. EDUCACIÓN', 10134, 'IES FRANCISCO DE VITORIA BHI', 'EL SALVADOR 1', 'VITORIA-GASTEIZ', 1012, 945270655, '945270955', '010134aa@hezkuntza.net', 'http://www.franciscodevitoria.net', '526475.83932420', '4745115.5954435'),
('ARABA/ÁLAVA', 'DEPART. EDUCACIÓN', 10137, 'CIFP CIUDAD JARDÍN  LHII', 'ÁLAVA 39', 'VITORIA-GASTEIZ', 1006, 945233714, '945233750', '010137aa@hezkuntza.net', 'http://www.icjardin.net', '526365.16360206', '4742698.7173920'),
('ARABA/ÁLAVA', 'DEPART. EDUCACIÓN', 10138, 'CIFP MENDIZABALA LHII', 'PORTAL DE LASARTE Z/G', 'VITORIA-GASTEIZ', 1007, 945000440, '945000439', '010138aa@hezkuntza.net', 'http://www.mendizabala.com', '525751.53260708', '4742678.0016086'),
('ARABA/ÁLAVA', 'DEPART. EDUCACIÓN', 10157, 'IES MURGIA BHI', 'DOMINGO DE SAUTU Z/G', 'ZUIA', 1130, 945430228, '945430226', '010157aa@hezkuntza.net', '', '513733.98965495', '4756070.8255381'),
('ARABA/ÁLAVA', 'DEPART. EDUCACIÓN', 10201, 'IES LAUDIOALDE LANBIDE ESKOLA BHI', 'VIRGEN DEL CARMEN 17', 'LAUDIO/LLODIO', 1400, 946720505, '946721057', '010201aa@hezkuntza.net', 'http://www.cmfp-llodio.com/', '503241.49086784', '4776817.2526628'),
('ARABA/ÁLAVA', 'PRIVADA', 10208, 'CPES SUZANNE BHIP', 'BTO. TOMÁS DE ZUMARRAGA 27-A', 'VITORIA-GASTEIZ', 1008, 945246922, '945246922', 'info@escuelasuzanne.com', '', '525705.22394551', '4744279.5656149'),
('ARABA/ÁLAVA', 'PRIVADA', 10221, 'CPEIPS URKIDE HLBHIP', 'MAGDALENA 8', 'VITORIA-GASTEIZ', 1008, 945133100, '945146332', 'info@urkide.org', '', '526333.87886880', '4743786.3260124'),
('ARABA/ÁLAVA', 'PRIVADA', 10228, 'CPEIPS PRESENTACIÓN DE MARÍA HLBHIP', 'CRUZ BLANCA 4', 'VITORIA-GASTEIZ', 1012, 945217394, '945229358', 'direccion.vitoria@presentaciondemaria.org', '', '526279.21716696', '4744532.8340628'),
('ARABA/ÁLAVA', 'PRIVADA', 10229, 'CPEIPS CARMELITAS-SAGRADO CORAZÓN HLBHIP', 'FUEROS 49', 'VITORIA-GASTEIZ', 1005, 945282942, '945250488', 'secretaria@carmelitasvitoria.com', '', '527003.06211680', '4743338.5871484'),
('ARABA/ÁLAVA', 'PRIVADA', 10248, 'CPES EGIBIDE LH-FP BHIP', 'NIEVES CANO 10', 'VITORIA-GASTEIZ', 1006, 945000333, '945010139', 'info@egibide.org', 'http://www.j-obrero.es', '526769.16874334', '4742985.8489472'),
('ARABA/ÁLAVA', 'DEPART. EDUCACIÓN', 10256, 'CIFP HOSTELERÍA  LHII', 'Presagana 1', 'VITORIA-GASTEIZ', 1013, 945258025, '945281902', '010256aa@hezkuntza.net', '', '527656.63598155', '4747444.0414950'),
('ARABA/ÁLAVA', 'DEPART. EDUCACIÓN', 10296, 'CIFP CONSTRUCCIÓN  LHII', 'AV. DE LOS HUETOS 33', 'VITORIA-GASTEIZ', 1010, 945001200, '945001201', '010296aa@hezkuntza.net', 'http://www.instc.com', '523988.39793385', '4744662.4076885'),
('ARABA/ÁLAVA', 'DEPART. EDUCACIÓN', 10319, 'IES ZARAOBE BHI', 'ETXEBARRIAUR 6-8', 'AMURRIO', 1470, 945393000, '945393682', '010319aa@hezkuntza.net', '', '499542.30616650', '4766361.4509110'),
('ARABA/ÁLAVA', 'DEPART. EDUCACIÓN', 10349, 'IES SAMANIEGO-LAGUARDIA BHI', 'SANCHO ABARCA 3', 'LAGUARDIA', 1300, 945600900, '945600045', '010349aa@hezkuntza.net', '', '534115.47388514', '4711560.9753893'),
('ARABA/ÁLAVA', 'DEPART. EDUCACIÓN', 10351, 'IES LAUDIO BHI', 'ZUMALAKARREGI 34', 'LAUDIO/LLODIO', 1400, 946720086, '946722619', '010351aa@hezkuntza.net', 'http://www.laudioinstitutua.net', '503040.55613404', '4776824.6611548'),
('ARABA/ÁLAVA', 'DEPART. EDUCACIÓN', 10590, 'INSTITUTO DE FORMACIÓN PROFESIONAL A DISTANCIA', 'ÁLAVA 41 INTERIOR', 'VITORIA-GASTEIZ', 1006, 945567953, '945155455', '010590aa@hezkuntza.net', '', '526340.89608230', '4742665.8040914'),
('GIPUZKOA', 'DEPART. EDUCACIÓN', 12040, 'IES FRAISORO ESKOLA BHI', 'ELBARRENA S/N', 'ZIZURKIL', 20159, 943692162, '943692247', '012040aa@hezkuntza.net', 'http://fraisoroeskola.net', '576277.91054775', '4782182.0106818'),
('GIPUZKOA', 'DEPART. EDUCACIÓN', 12053, 'IES UNI EIBAR-ERMUA BHI', 'OTAOLA 29', 'EIBAR', 20600, 943208444, '943203196', '012053aa@hezkuntza.net', 'http://www.uni.hezkuntza.net', '541694.09744413', '4780948.6117366'),
('GIPUZKOA', 'DEPART. EDUCACIÓN', 12054, 'CIFP ARMERIA ESKOLA LHII', 'ISASI Z/G', 'EIBAR', 20600, 943203244, '943204114', '012054aa@hezkuntza.net', 'http://www.armeriaeskola.com', '542428.38163285', '4781358.9582118'),
('GIPUZKOA', 'DEPART. EDUCACIÓN', 12108, 'IES PLAIAUNDI BHI', 'PLAIAUNDI Z/G', 'IRUN', 20301, 943617547, '943612550', '012108aa@hezkuntza.net', 'http://www.plaiaundi.net', '597505.78121986', '4799912.8716164'),
('GIPUZKOA', 'DEPART. EDUCACIÓN', 12132, 'IES MUTRIKU BHI', 'HIRIGIBEL 1', 'MUTRIKU', 20830, 943603545, '943604254', '012132aa@hezkuntza.net', '', '549429.58994501', '4794979.6757541'),
('GIPUZKOA', 'DEPART. EDUCACIÓN', 12151, 'IES NAUTICO PESQUERO DE PASAIA BLAS DE LEZO BHI', 'LOS MARINOS 2', 'PASAIA', 20110, 943404005, '943404177', '012151aa@hezkuntza.net', '', '586873.19378401', '4797278.6877969'),
('GIPUZKOA', 'DEPART. EDUCACIÓN', 12229, 'CIFP POLITÉCNICO EASO POLITEKNIKOA LHII', 'AITZOL PARKEA 2', 'DONOSTIA / SAN SEBASTIÁN', 20011, 943455422, '943470022', '012229aa@hezkuntza.net', 'http://www.ieaso.net', '582976.68602866', '4795354.0895433'),
('GIPUZKOA', 'DEPART. EDUCACIÓN', 12282, 'IES OIANGUREN BHI', 'GERNIKAKO ARBOLA 1', 'ORDIZIA', 20240, 943880862, '943164121', '012282aa@hezkuntza.net', '', '567581.85139898', '4767049.5808442'),
('GIPUZKOA', 'DEPART. EDUCACIÓN', 12286, 'IES J.M. IPARRAGIRRE BHI', 'NEKOLALDE 16', 'URRETXU', 20700, 943721403, '943721403', '012286aa@hezkuntza.net', 'http://www.jmiparragirre.eus', '555252.07955258', '4771337.1981121'),
('GIPUZKOA', 'DEPART. EDUCACIÓN', 12291, 'CIFP MONTE ALBERTIA LHII', 'SAN INAZIO 25', 'ZARAUTZ', 20800, 943134223, '943894196', '012291aa@hezkuntza.net', '', '566594.40329868', '4792568.2066017'),
('GIPUZKOA', 'DEPART. EDUCACIÓN', 12298, 'IES ZUMAIA BHI', 'AITA MARI 45', 'ZUMAIA', 20750, 943860809, '943860810', '012298aa@hezkuntza.net', '', '560348.48134066', '4793476.0618104'),
('GIPUZKOA', 'PRIVADA', 12345, 'CPEIPS SAN FRANTZISKO XABIER HLBHIP', 'OTALORA LIZENTZIATUA 8', 'ARRASATE/MONDRAGÓN', 20500, 943772025, '943797922', 'arizmendi@arizmendi.eus', '', '541736.73670498', '4768376.0808389'),
('GIPUZKOA', 'PRIVADA', 12362, 'CPES J.M. BARANDIARAN LIZEOA BHIP', 'MANUEL LARDIZABAL 26 (IBAETA)', 'DONOSTIA / SAN SEBASTIÁN', 20018, 943272587, '943219974', 'zurriola@ikastola.net', '', '580038.31239714', '4794979.7057480'),
('GIPUZKOA', 'PRIVADA', 12380, 'CPEIPS MARIAREN LAGUNDIA IKASTOLA HLBHIP', 'ESPOLOIA 1', 'BERGARA', 20570, 943762540, '943763331', 'ikastola@mlagundia.net', '', '547675.39376700', '4773739.4991306'),
('GIPUZKOA', 'PRIVADA', 12394, 'CPES ESC. CINE Y VÍDEO-ZINE ETA BIDEO ESKOLA BHIP', 'AMA KANDIDA 21', 'ANDOAIN', 20140, 943594190, '943591562', 'secretaria@escivi.com', '', '579633.27652532', '4786004.1726918'),
('GIPUZKOA', 'PRIVADA', 12432, 'CPEIPS LA INMACULADA HLBHIP', 'SANDIUSTERRI 4', 'HERNANI', 20120, 943550233, '943556071', 'zuzendaritza@lainmaculadahernani.com', '', '582916.59031543', '4790746.8773280'),
('GIPUZKOA', 'PRIVADA', 12456, 'CPES MONDRAGON GOI ESK.POLITEK.,J.M.A.,S.COOP BHIP', 'LORAMENDI 4', 'ARRASATE/MONDRAGÓN', 20500, 943794700, '943791536', 'info.mgep@mondragon.edu', '', '540928.85011008', '4767799.9381111'),
('GIPUZKOA', 'PRIVADA', 12462, 'CPES OÑATI GESTIO HEZIKETA BHIP', 'IBARRA ZELAIA 2', 'OÑATI', 20560, 943718009, '943718162', 'muribetxebarria@mondragon.edu', 'http://www.mondragon.edu/que-es-m-u/eteo-s-coop?searchterm=eteo+s.coop', '547410.83409860', '4764926.5129885'),
('GIPUZKOA', 'DEPART. EDUCACIÓN', 12468, 'CIFP DON BOSCO LHII', 'SAN MARCOS ERP. Z/G 101 P.K.', 'ERRENTERIA', 20100, 943510450, '943529220', '012468aa@hezkuntza.net', 'http://www.fpdonbosco.com', '588171.92250648', '4796396.6973235'),
('GIPUZKOA', 'PRIVADA', 12479, 'CPES CENTRO DE ESTUDIOS A.E.G. BHIP', 'P. HERIZ 82-SEMINARIOA 509 PK', 'DONOSTIA / SAN SEBASTIÁN', 20008, 943313907, '943218466', 'info@aeg.es', 'http://www.aeg.es', '580874.54820474', '4795755.1679049'),
('GIPUZKOA', 'PRIVADA', 12485, 'CPES SEIM BHIP', 'MIRACRUZ 10-1', 'DONOSTIA / SAN SEBASTIÁN', 20001, 943275819, '943293878', 'seim@centroseim.com', '', '583043.61754681', '4797046.1451302'),
('GIPUZKOA', 'PRIVADA', 12490, 'CPES NAZARET LANBIDE HEZIKETA BHIP', 'ALDAKONEA 36', 'DONOSTIA / SAN SEBASTIÁN', 20012, 943326666, '943326384', 'nazaret@nazaretzentroa.com', 'http://www.nazaretzentroa.com', '583372.73393020', '4796857.5035277'),
('GIPUZKOA', 'PRIVADA', 12491, 'CPES C.D.E.A. BHIP', 'BERIO IBILTOKIA 50', 'DONOSTIA / SAN SEBASTIÁN', 20018, 943316900, '943316482', 'director@pas.cebanc.com', '', '579751.18385291', '4795107.5397278'),
('GIPUZKOA', 'PRIVADA', 12497, 'CPES CEBANC BHIP', 'BERIO IBILTOKIA 50', 'DONOSTIA / SAN SEBASTIÁN', 20018, 943316900, '943316482', 'director@pas.cebanc.com', 'http://www.cebanc.com', '579751.18385291', '4795107.5397278'),
('GIPUZKOA', 'PRIVADA', 12498, 'CPES CEINPRO BHIP', 'P. DE HERIZ 95', 'DONOSTIA / SAN SEBASTIÁN', 20008, 943310873, '943310875', 'secretaria@ceinpro.es', 'http://www.ceinpro.es', '580911.50607887', '4795849.5087021'),
('GIPUZKOA', 'PRIVADA', 12517, 'CPES MARÍA INMACULADA BHIP', 'AV. DE ATEGORRIETA 17', 'DONOSTIA / SAN SEBASTIÁN', 20013, 943292948, '943327244', 'direccion@cmidonostia.com', '', '583555.55254409', '4797133.1474212'),
('GIPUZKOA', 'PRIVADA', 12529, 'CPES ORTZADAR BHIP', 'CALZ. VJA. ATEGORRIETA 159', 'DONOSTIA / SAN SEBASTIÁN', 20013, 943287423, '943290917', 'ortzadar@ortzadar.net', '', '584266.68240203', '4797199.7338677'),
('GIPUZKOA', 'PRIVADA', 12544, 'CPES ELIZARAN IKASTETXEA BHIP', 'CAMPANARIO 12', 'DONOSTIA / SAN SEBASTIÁN', 20003, 943422427, '943425065', 'elizaran@ikastetxea.com', 'http://www.elizaran.com', '582137.29206270', '4797235.9564947'),
('GIPUZKOA', 'PRIVADA', 12566, 'CPES TOLOSAKO INMAKULADA LANBIDE IKASTOLA BHIP', 'KONDEKO ALDAPA 5-B', 'TOLOSA', 20400, 943673629, '943675222', 'zuzendaritza@inmakuladatolosa.com', 'http://www.inmakuladatolosa.com', '575186.98534738', '4775811.9272939'),
('GIPUZKOA', 'PRIVADA', 12572, 'CPES SALESIANOS URNIETA BHIP', 'ERGOYEN 6', 'URNIETA', 20130, 943551789, '943331059', 'salesiarrak@salesianosurnieta.com', 'http://www.salesianosurnieta.com', '581599.11878888', '4788173.8310641'),
('GIPUZKOA', 'PRIVADA', 12581, 'CPES DEL GOIERRI BHIP', 'ARRANOMENDIA 2', 'ORDIZIA', 20240, 943880062, '943888351', 'bulegoa@goierrieskola.org', '', '566562.37643944', '4766318.7396048'),
('GIPUZKOA', 'PRIVADA', 12593, 'CPES UROLA GARAIKO LANBIDE ESKOLA BHIP', 'BELOKI Z/G', 'ZUMARRAGA', 20700, 943725477, '943726003', 'dtor.ugle@ugleskola.org', '', '556173.29703149', '4770944.0381386'),
('GIPUZKOA', 'DEPART. EDUCACIÓN', 12740, 'IES LEIZARAN BHI', 'PLAZAOLA 23', 'ANDOAIN', 20140, 943300078, '943300578', '012740aa@hezkuntza.net', 'http://www.leizaran.net', '579653.19848514', '4785285.0890592'),
('GIPUZKOA', 'PRIVADA', 12742, 'CPES IRUNGO LA SALLE BHIP', 'AV. ELIZATXO 14-16', 'IRUN', 20303, 943628411, '943628432', 'irungolasalle@ilsalle.org', 'http://www.irungolasalle.org', '597331.81864275', '4798751.1080900'),
('GIPUZKOA', 'PRIVADA', 12746, 'CPES LA SALLE-BERROZPE BHIP', 'LA SALLE 5', 'ANDOAIN', 20140, 943590557, '943300563', 'lsbandoain@lasalleberrozpe.com', 'http://www.lasalleberrozpe.com', '579680.30257534', '4785679.6187538'),
('GIPUZKOA', 'PRIVADA', 12756, 'CPES C. ESTUD. DE PELU. Y EST. BETA BHIP', 'AVDA. NAVARRA 18 BAJO', 'DONOSTIA / SAN SEBASTIÁN', 20013, 943283601, '943283601', 'secretaria@centrobeta.com', 'http://www.centrosbeta.com', '583505.11271453', '4797424.4881196'),
('GIPUZKOA', 'DEPART. EDUCACIÓN', 12763, 'CIFP MAQ-HERRAM/MAKINA-ERREMINTA LHII', 'AZKUE AUZOA 1', 'ELGOIBAR', 20870, 943744132, '943744153', '012763aa@hezkuntza.net', '', '547918.30809412', '4784409.7372345'),
('GIPUZKOA', 'DEPART. EDUCACIÓN', 12982, 'IES XABIER ZUBIRI-MANTEO BHI', 'JOSE MIG. BARANDIARAN 10-12', 'DONOSTIA / SAN SEBASTIÁN', 20013, 943278700, '943282477', '012982aa@hezkuntza.net', 'http://www.zubirimanteo.com', '583437.43082455', '4797690.9838752'),
('GIPUZKOA', 'DEPART. EDUCACIÓN', 13015, 'IES R.M. ZUAZOLA-LARRAÑA BHI', 'SAN LORENTZO Z/G', 'OÑATI', 20560, 943782150, '943781908', '013015aa@hezkuntza.net', 'http://www.onati.net', '548743.46973282', '4764753.1782703'),
('GIPUZKOA', 'DEPART. EDUCACIÓN', 13020, 'CIFP MIGUEL ALTUNA LHII', 'IBARGARAI 1', 'BERGARA', 20570, 943762491, '943763841', '013020aa@hezkuntza.net', 'http://www.imaltuna.com', '547631.83097158', '4774110.2836585'),
('GIPUZKOA', 'DEPART. EDUCACIÓN', 13021, 'CIFP BIDASOA LHII', 'AV. DE ELIZATXO 10', 'IRUN', 20303, 943666010, '943615380', '013021aa@hezkuntza.net', 'http://www.fpbidasoa.org', '597437.20877869', '4798865.9747092'),
('GIPUZKOA', 'DEPART. EDUCACIÓN', 13022, 'CIFP USURBIL LHII', 'ETARTE 9', 'USURBIL', 20170, 943364600, '943366689', '013022aa@hezkuntza.net', 'http://www.lhusurbil.com', '578516.79745348', '4791205.6239514'),
('GIPUZKOA', 'DEPART. EDUCACIÓN', 13023, 'CIFP TOLOSALDEA LHII', 'SANTA LUZI 17 (CDAD. DOCENTE)', 'TOLOSA', 20400, 943651147, '943651856', '013023aa@hezkuntza.net', 'http://www.tolosaldea.com', '575740.40518731', '4777804.2717579'),
('GIPUZKOA', 'PRIVADA', 13070, 'CPES ESCUELA DE HOSTELERÍA AIALA BHIP', 'NAFARROA 61', 'ZARAUTZ', 20800, 943134600, '943134968', 'secretaria@aiala.es', 'http://www.aiala.es', '568933.26282066', '4792496.9611035'),
('GIPUZKOA', 'DEPART. EDUCACIÓN', 13255, 'CIFP ARETXABALETA LANBIDE ESKOLA LHII', 'ETXEBARRI Z/G', 'ARETXABALETA', 20550, 943797900, '943770955', '013255aa@hezkuntza.net', '', '539863.84159833', '4764015.0585124'),
('GIPUZKOA', 'PRIVADA', 13380, 'CPES OTEITZA POLITEKNIKOA BHIP', 'GIPUZKOA 5', 'ZARAUTZ', 20800, 943111000, '943110990', 'idazkaria@oteitzalp.org', '', '567084.92383832', '4792865.5060872'),
('GIPUZKOA', 'DEPART. EDUCACIÓN', 13432, 'CIFP MEKA LHII', 'ARREGITORRE 2', 'ELGOIBAR', 20870, 943748019, '943748230', '013432aa@hezkuntza.net', 'http://www.meka-elgoibar.net', '547660.17193843', '4784740.9998070'),
('GIPUZKOA', 'PRIVADA', 13437, 'CPES CESA BHIP', 'POLÍGONO ERRATZU 81', 'URNIETA', 20130, 943336491, '943555331', 'cqueiruga@institutocesa.com', 'http://www.cesasl.com', '581840.31798038', '4788104.9850775'),
('GIPUZKOA', 'PRIVADA', 13500, 'CPES CENTRO FORMACIÓN MENDIBIL FORMAZIO ZENT. BHIP', 'LETXUNBORRO 58', 'IRUN', 20305, 943610610, '943626579', 'direccion@apmendibil.com', '', '596125.87216029', '4798896.9484046'),
('GIPUZKOA', 'DEPART. EDUCACIÓN', 13532, 'CIFP DE DES. SOSTENIBLE EN EDIF. INTELIGENTE LHII', 'DONOSTIA ETORBIDEA 5', 'LASARTE-ORIA', 20160, 943569222, '000000000', '013532aa@hezkuntza.net', '', '579625.03068102', '4791500.0840149'),
('GIPUZKOA', 'DEPART. EDUCACIÓN', 13533, 'CIFP KARDALA LHII', 'MUELLE S/N', 'MUTRIKU', 20830, 943603545, '000000000', '013533aa@hezkuntza.net', '', '550139.81276007', '4795116.7378555'),
('GIPUZKOA', 'DEPART. EDUCACIÓN', 13534, 'CIFP DE INNOVACION SOCIAL LHII', 'KARMELO LABAKA 7', 'HERNANI', 20120, 943551958, '000000000', '013534aa@hezkuntza.net', '', '583298.15851439', '4791290.6466453'),
('GIPUZKOA', 'DEPART. EDUCACIÓN', 13556, 'IES UROLA LANBIDE ESKOLA BHI', 'ALTAMIRA Z/G', 'AZKOITIA', 20720, 943852174, '', '013556aa@hezkuntza.net', '', '556222.03821712', '4780318.2600429'),
('BIZKAIA', 'DEPART. EDUCACIÓN', 14010, 'IES DOLORES IBARRURI BHI', 'EL MINERO ETORB. 28', 'ABANTO Y CIÉRVANA-ABANTO ZIERBENA', 48500, 946362725, '946360429', '014010aa@hezkuntza.net', '', '493920.43795065', '4796007.8564709'),
('BIZKAIA', 'DEPART. EDUCACIÓN', 14069, 'CIFP NICOLÁS LARBURU LHII', 'ALDAPA 3B', 'BARAKALDO', 48901, 944180266, '944189327', '014069aa@hezkuntza.net', 'http://www.nlarburu.net', '501081.35177514', '4793979.0094368'),
('BIZKAIA', 'DEPART. EDUCACIÓN', 14086, 'IES URBI BHI', 'AGIRRE LEHENDAKARIA 93', 'BASAURI', 48970, 944492996, '944263852', '014086aa@hezkuntza.net', '', '509879.68413071', '4786991.5517137'),
('BIZKAIA', 'DEPART. EDUCACIÓN', 14088, 'CIFP BIDEBIETA LHII', 'AGIRRE LEHENDAKARIA 97', 'BASAURI', 48970, 944262777, '944260072', '014088aa@hezkuntza.net', 'http://www.ibidebieta.net/', '509997.88830870', '4786983.7732969'),
('BIZKAIA', 'DEPART. EDUCACIÓN', 14200, 'IES ESKURTZE BHI', 'ESKURTZE 11', 'BILBAO', 48012, 944444408, '944102262', '014200aa@hezkuntza.net', 'http://www.eskurtze.net', '504918.72858104', '4788803.8128332'),
('BIZKAIA', 'DEPART. EDUCACIÓN', 14205, 'CIFP EMILIO CAMPUZANO LHII', 'SANTOS JUANES 7', 'BILBAO', 48006, 944333305, '944331893', '014205aa@hezkuntza.net', 'http://www.ecampuzano-atxuri.net', '506346.55424181', '4789143.8336229'),
('BIZKAIA', 'DEPART. EDUCACIÓN', 14279, 'IES ANDRA MARI BHI', 'ELEXALDE Z/G', 'GALDAKAO', 48960, 944562720, '944564055', '014279aa@hezkuntza.net', 'http://www.andramari-galdakao.net', '513514.89757200', '4786980.7439136'),
('BIZKAIA', 'DEPART. EDUCACIÓN', 14301, 'CIFP FADURA LHII', 'BIZKERRE Z/G', 'GETXO', 48991, 944069000, '944069001', '014301aa@hezkuntza.net', 'http://www.fadura.hezkuntza.net', '499739.83536662', '4800013.3311681'),
('BIZKAIA', 'DEPART. EDUCACIÓN', 14320, 'IES GERNIKA BHI', 'CARLOS GANGOITI 23', 'GERNIKA-LUMO', 48300, 946250589, '946250753', '014320aa@hezkuntza.net', 'http://www.gernikabhi.com', '526035.34632191', '4796353.5361088'),
('BIZKAIA', 'DEPART. EDUCACIÓN', 14339, 'IES JOSE MIGUEL BARANDIARAN BHI', 'SANTSOENA 6', 'LEIOA', 48940, 944648933, '944633502', '014339aa@hezkuntza.net', 'http://www.institutobarandiaran.com', '502109.00661222', '4797906.8799302'),
('BIZKAIA', 'DEPART. EDUCACIÓN', 14340, 'CIFP ESCUELA DE HOSTELERÍA  LHII', 'B. SARRIENA (UNIBERTSITATEA)', 'LEIOA', 48940, 946012446, '946013535', '014340aa@hezkuntza.net', 'http://www.hostelerialeioa.net', '502323.68716847', '4797624.9073249'),
('BIZKAIA', 'DEPART. EDUCACIÓN', 14398, 'IES JUAN ANTONIO ZUNZUNEGUI BHI', 'DOCTOR JOSE ZALDUA 20', 'PORTUGALETE', 48920, 944936281, '944937352', '014398aa@hezkuntza.net', '', '497609.68640962', '4796339.9688704'),
('BIZKAIA', 'DEPART. EDUCACIÓN', 14422, 'CIFP SAN JORGE LHII', 'PAJARES 34', 'SANTURTZI', 48980, 944004930, '944839060', '014422aa@hezkuntza.net', 'http://www.san-jorge.org', '496791.17092141', '4796872.7304283'),
('BIZKAIA', 'DEPART. EDUCACIÓN', 14440, 'IES ÁNGELA FIGUERA BHI', 'PABLO SARASATE 7', 'SESTAO', 48910, 944954033, '944950154', '014440aa@hezkuntza.net', '', '499804.47454005', '4794899.4520834'),
('BIZKAIA', 'DEPART. EDUCACIÓN', 14441, 'IES SATURNINO DE LA PEÑA BHI', 'DOCTOR FERRAN 5', 'SESTAO', 48910, 944961355, '944950400', '014441aa@hezkuntza.net', 'http://www.saturinsti.com', '499077.17458145', '4795086.6539790'),
('BIZKAIA', 'DEPART. EDUCACIÓN', 14601, 'IES NÁUTICO PESQUERA/NAUTIKA ETA ARRANTZAKO BHI', 'ONGINTZA Z/G', 'BERMEO', 48370, 946881862, '946880052', '014601aa@hezkuntza.net', '', '522591.14786373', '4807675.9114721'),
('BIZKAIA', 'PRIVADA', 14615, 'CPES ALMI BHIP', 'LEHENDAKARI AGIRRE 29', 'BILBAO', 48014, 944232089, '944223767', 'c.estudios.almi@gmail.com', '', '504161.48796180', '4791001.1055806'),
('BIZKAIA', 'PRIVADA', 14619, 'CPEIPS ÁNGELES CUSTODIOS HLBHIP', 'ZABALBIDE 21', 'BILBAO', 48006, 944339802, '944338755', 'acustodiosb@planalfa.es', '', '506624.33199861', '4789194.9332217'),
('BIZKAIA', 'PRIVADA', 14620, 'CPES ARANGOYA BHIP', 'ERCILLA 18', 'BILBAO', 48009, 944230033, '944243808', 'centroeducativo@arangoya.org', '', '505418.62464564', '4790125.7637539'),
('BIZKAIA', 'PRIVADA', 14621, 'CPES ARCE BHIP', 'SANTA MARÍA 16-18', 'BILBAO', 48005, 944150193, '000000000', 'direccion@centroarce.com', '', '506037.65666863', '4789451.9809004'),
('BIZKAIA', 'PRIVADA', 14622, 'CPES ARMENGOL BHIP', 'BAILEN 7', 'BILBAO', 48003, 944162018, '944161897', 'info@centroarmengol.com', '', '505891.72996213', '4789560.8687366'),
('BIZKAIA', 'PRIVADA', 14631, 'CPES CEINMARK BHIP', 'ITURRIBIDE 20-22', 'BILBAO', 48006, 944157298, '944157298', 'ceinmark@ceinmark.com', '', '506481.27484592', '4789476.6958698'),
('BIZKAIA', 'PRIVADA', 14633, 'CPES CRUZ ROJA BHIP', 'JOSE MARÍA OLAVARRI 6', 'BILBAO', 48001, 944247614, '944247615', 'escuelacrb@cruzroja.es', '', '505945.15478732', '4789693.0218372'),
('BIZKAIA', 'PRIVADA', 14634, 'CPES ES. DE QUIMICA Y ELECTRÓNICA BHIP', 'DOCTOR AREILZA 32', 'BILBAO', 48010, 944415978, '', 'equimica@indautxujesuitak.org', 'http://www.jesuitasindautxu.com', '504645.24690911', '4789809.5781125'),
('BIZKAIA', 'PRIVADA', 14635, 'CPES SOPEÑA-BILBAO BHIP', 'HURTADO DE AMEZAGA 44', 'BILBAO', 48008, 944223152, '944221875', 'centro@sopenabilbao.org', 'http://www.oscusbilbao.org', '505431.54588365', '4789466.0280412'),
('BIZKAIA', 'PRIVADA', 14643, 'CPES FERNANDO BHIP', 'ITURRIBIDE 68-BEH.', 'BILBAO', 48006, 944157613, '946791015', 'centrofernando@centrofernando.com', '', '506723.29037601', '4789344.7527264'),
('BIZKAIA', 'PRIVADA', 14648, 'CPES HERMANOS LARRINAGA S.L. BHIP', 'HURTADO DE AMEZAGA 20', 'BILBAO', 48008, 944153400, '944153822', 'centro@centrolarrinaga.com', '', '505664.11167618', '4789651.2603377'),
('BIZKAIA', 'PRIVADA', 14664, 'CPES SALESIANOS DEUSTO-M. AUX.-SA BHIP', 'LEHENDAKARI AGUIRRE 75', 'BILBAO', 48014, 944472650, '944472658', 'salesianos@salesianosdeusto.com', 'http://www.salesianosdeusto.com', '503722.72658680', '4791049.8456597'),
('BIZKAIA', 'PRIVADA', 14665, 'CPES MARÍA INMACULADA BHIP', 'FONTECHA Y SALAZAR 7', 'BILBAO', 48007, 944459923, '944459923', 'direccion@mariainmaculadabilbao.org', 'http://www.mariainmaculadabilbao.org/website/index.php', '505878.06659813', '4790653.2463863'),
('BIZKAIA', 'PRIVADA', 14669, 'CPES MIKELDI BHIP', 'AUTONOMIA 62', 'BILBAO', 48012, 944211131, '944446734', 'secretaria@mikeldi.com', 'http://www.mikeldi.com', '504487.29776162', '4789456.4399928'),
('BIZKAIA', 'PRIVADA', 14680, 'CPES DIEGO BERGUICES-OTXARKOAGA BHIP', 'ARBOLANTXA BIDEA 57', 'BILBAO', 48004, 944124992, '944598035', 'info@otxarkoaga.net', 'http://www.otxarkoaga.net', '508594.56105133', '4789791.3518224'),
('BIZKAIA', 'PRIVADA', 14696, 'CPES SAN LUIS BHIP', 'LICENCIADO POZA 31', 'BILBAO', 48011, 944395062, '944395219', 'malcubilla@centrosanluis.com', '', '504922.40622759', '4789874.5448887'),
('BIZKAIA', 'PRIVADA', 14704, 'CPES STA. MARÍA DE ARTAGAN BHIP', 'ZABALBIDE 110', 'BILBAO', 48007, 944450650, '944463484', 'direccion@colegioartagan.net', '', '507187.07788844', '4789673.3658382'),
('BIZKAIA', 'PRIVADA', 14718, 'CPES ZABALBURU BHIP', 'ESPERANZA 12', 'BILBAO', 48005, 944163195, '944153855', 'info@zabalburu.org', '', '506302.66985846', '4789823.0453713'),
('BIZKAIA', 'PRIVADA', 14723, 'CPES ARRATIAKO ZULAIBAR LANBIDE IKASTEGIA BHIP', 'ZULAIBAR AUZ. 17', 'ZEANURI', 48144, 946739116, '946317066', 'info@zulaibar.org', 'http://www.zulaibar.org', '519849.40463530', '4772800.2003222'),
('BIZKAIA', 'PRIVADA', 14728, 'CPES MARISTAK DURANGO BHIP', 'FRAY JUAN ANTONIO ABASOLO 6', 'DURANGO', 48200, 946810058, '946200638', 'san-jose@maristak.com', 'http://www.maristak.com', '529711.58283857', '4779848.2157190'),
('BIZKAIA', 'PRIVADA', 14747, 'CPES IBAIONDO BHIP', 'VENANCIO ECHEVARRIA 18', 'GETXO', 48930, 944636507, '944636507', 'ibaiondo@ibaiondo.net', '', '499081.10784918', '4796830.7089817'),
('BIZKAIA', 'PRIVADA', 14775, 'CPES LEA-ARTIBAI BHIP', 'XEMEIN 19', 'MARKINA-XEMEIN', 48270, 946169002, '946169160', 'sgabiola@leartik.com', 'http://www.leartik.com', '541067.19063983', '4790893.2375368'),
('BIZKAIA', 'PRIVADA', 14779, 'CPES SOMORROSTRO BHIP', 'SAN JUAN 10', 'MUSKIZ', 48550, 946706045, '946706052', 'cfs@somorrostro.com', 'http://www.somorrostro.com', '489972.35243924', '4796565.4729697'),
('BIZKAIA', 'PRIVADA', 14781, 'CPES NTRA. SRA. DE LA ANTIGUA BHIP', 'IÑAKI DEUNA 19', 'ONDARROA', 48700, 946830206, '946830206', 'arrantzaes@euskalnet.net', '', '546611.29229813', '4796505.1752431'),
('BIZKAIA', 'PRIVADA', 14797, 'CPES XABIER BHIP', 'EL CRISTO Z/G', 'PORTUGALETE', 48920, 944963411, '944963411', 'secretaria@centroxabier.es', '', '498559.46749317', '4796282.2206249'),
('BIZKAIA', 'PRIVADA', 14810, 'CPEIPS SAN JOSE DE CALASANZ HLBHIP', 'CUESTA DEL HOSPITAL BAJO 11', 'SANTURTZI', 48980, 944613519, '944937006', 'secretaria@sjcalasanz.com', '', '496983.65366482', '4797255.3825406'),
('BIZKAIA', 'PRIVADA', 14824, 'CPEIPS SAN VIATOR HLBHIP', 'SAN CRISTOBAL 2', 'SOPUERTA', 48190, 946104800, '946104720', 'secretaria@sanviator.com', 'http://www.sanviator.com', '487496.80155637', '4791552.9032637'),
('BIZKAIA', 'PRIVADA', 14828, 'CPEIPS MARISTAS-SAN MIGUEL HLBHIP', 'LEHENDAKARI J.A. AGIRRE 12-14', 'ZALLA', 48860, 946390029, '946391411', 'zalla.secre@maristasiberica.es', '', '488685.13491540', '4784374.0544976'),
('BIZKAIA', 'PRIVADA', 14837, 'CPES TXORIERRI S. COOP. LTDA. BHIP', 'UNTZAGA IBAIA 1', 'DERIO', 48160, 944034060, '944034061', 'info@txorierri.net', 'http://www.txorierri.net', '509707.60160610', '4793498.7072010'),
('BIZKAIA', 'PRIVADA', 14845, 'CPES ESPERANZA ALHAMA BHIP', 'LARRONDO 2', 'LOIU', 48180, 944710151, '944711581', 'ealhama1@sarenet.es', 'http://www.esperanzaalhama.org', '506938.70481240', '4793728.5504171'),
('BIZKAIA', 'DEPART. EDUCACIÓN', 14945, 'CIFP CONSTRUCCIÓN BIZKAIA  LHII', 'PROGRESO Z/G OIARGAN-LA PEÑA', 'ARRIGORRIAGA', 48003, 944013840, '944013849', '014945aa@hezkuntza.net', 'http://www.construccionbizkaia.com', '506731.84956239', '4787491.6399222'),
('BIZKAIA', 'DEPART. EDUCACIÓN', 14949, 'IES E. AGRARIA DERIO/DERIO NEKAZARITZA E. BHI', 'BERREAGA 5', 'DERIO', 48160, 944541421, '944540162', '014949aa@hezkuntza.net', 'http://www.mendikoi.net', '510281.03411014', '4793345.9482946'),
('BIZKAIA', 'DEPART. EDUCACIÓN', 14950, 'CIFP IURRETA LHII', 'OLABURU 19', 'IURRETA', 48215, 944668800, '946202828', '014950aa@hezkuntza.net', 'http://www.iurreta-institutua.net', '529582.43642520', '4780635.7754135'),
('BIZKAIA', 'DEPART. EDUCACIÓN', 15021, 'IES BARRUTIALDE BHI', 'BARRUTIA 7', 'ARRATZU', 48383, 946251143, '946256922', '015021aa@hezkuntza.net', '', '527062.87747132', '4796884.0681206'),
('BIZKAIA', 'PRIVADA', 15069, 'CPES PEÑASCAL BHIP', 'BILBAO-GALDAKAO ER. 10', 'BILBAO', 48002, 944700704, '944700792', 'cpes-bhip@grupopenascal.com', '', '507512.31047916', '4788333.8284971'),
('BIZKAIA', 'DEPART. EDUCACIÓN', 15108, 'IES MUNGIA BHI', 'AITA ELORRIAGA 22', 'MUNGIA', 48100, 946740600, '946744184', '015108aa@hezkuntza.net', '', '512797.88842709', '4799945.2550248'),
('BIZKAIA', 'DEPART. EDUCACIÓN', 15112, 'CIFP ELORRIETA-ERREKA MARI LHII', 'LEHENDAKARI AGUIRRE 184', 'BILBAO', 48015, 944028000, '944759425', '015112aa@hezkuntza.net', 'http://www.elorrieta.com', '502826.10646143', '4792302.4906874'),
('BIZKAIA', 'DEPART. EDUCACIÓN', 15176, 'CIFP HOSTELERÍA/OSTALARITZA  LHII', 'SIXTA BARRENETXEA 24', 'GALDAKAO', 48960, 944560458, '944561413', '015176aa@hezkuntza.net', '', '511661.42967452', '4786746.6415644'),
('BIZKAIA', 'DEPART. EDUCACIÓN', 15188, 'IES IBARREKOLANDA BHI', 'ARBOLAGANA 2', 'BILBAO', 48015, 944477016, '944760107', '015188aa@hezkuntza.net', 'http://www.ibarrekolanda.net', '503580.34559334', '4791375.0594633'),
('BIZKAIA', 'PRIVADA', 15218, 'CPES JURITECNIA BHIP', 'ARENAL K. 5-1.', 'BILBAO', 48005, 944794520, '944794521', 'info@juritecnia.com', '', '506247.98341909', '4789668.9667336'),
('BIZKAIA', 'PRIVADA', 15220, 'CPES IBAIZABAL KOOP. E. IKASTOLA BHIP', 'INTXAURRONDO 54', 'DURANGO', 48200, 946215877, '946218242', 'idazkaritza@ibaizabalikastola.eus', '', '530035.38065239', '4778779.2633012'),
('BIZKAIA', 'PRIVADA', 15234, 'CPES EIDE BHIP', 'JENARO ORAA 6', 'SANTURTZI', 48980, 944937005, '944615723', 'eide@eide.es', 'http://www.eide.es', '497351.45130380', '4797223.4790344'),
('BIZKAIA', 'PRIVADA', 15260, 'CPES CTRO. DE INFORM. Y GESTIÓN MEATZE, S.L. BHIP', 'GABRIEL ARESTI 3', 'BARAKALDO', 48902, 944780388, '944780388', 'webmaster@meatze.es', '', '500556.97379882', '4793956.0241154'),
('BIZKAIA', 'PRIVADA', 15305, 'CPES HARROBIA BHIP', 'HARROBIA PL. 4', 'BILBAO', 48003, 944724366, '944721731', 'harrobia@ikastola.net', '', '505775.80163717', '4789106.1312971'),
('BIZKAIA', 'DEPART. EDUCACIÓN', 15307, 'IES FRAY JUAN DE ZUMARRAGA-DURANGO BHI', 'FRAY JUAN DE ZUMARRAGA Z/G', 'DURANGO', 48200, 946817325, '946810258', '015307aa@hezkuntza.net', '', '529472.00807839', '4779964.7819923'),
('BIZKAIA', 'PRIVADA', 15325, 'CPES ESCUELA SUPERIOR DE HOSTELERÍA BILBAO BHIP', 'CTRA ENEKURI-ARTXANDA KM 3', 'BILBAO', 48015, 944745110, '944745201', 'escuela@escuelahosteleria.com', 'http://www.escuelahosteleria.com', '504803.84747830', '4791848.9729996'),
('BIZKAIA', 'PRIVADA', 15326, 'CPES BAGABILTZA BHIP', 'JULIAN GAYARRE 41-43 4080 P.K.', 'BILBAO', 48004, 944731444, '944598075', 'bagabiltza@bagabiltza.com', '', '508053.03996472', '4789223.0574971'),
('BIZKAIA', 'PRIVADA', 15337, 'CPES BAGABILTZA BHIP', 'B. IBARRA S/N. ED. EL LONGAR', 'ZALLA', 48860, 944731444, '944598075', 'bagabiltza@bagabiltza.com', '', '488345.34840950', '4783448.2929337'),
('BIZKAIA', 'PRIVADA', 15385, 'CPES BAGABILTZA BHIP', 'GRAN VIA 51', 'SESTAO', 48910, 944731444, '944598075', 'bagabiltza@bagabiltza.com', '', '500079.66310174', '4795002.1111874'),
('BIZKAIA', 'PRIVADA', 15386, 'CPES IKASAUTO BHIP', 'IBAIBE 1-2', 'BARAKALDO', 48901, 944378179, '944389556', 'ikasauto@ikasauto.com', '', '500072.47272552', '4794193.6057564'),
('BIZKAIA', 'PRIVADA', 15476, 'CPES BAGABILTZA BHIP', 'CORRERIAS 62', 'BALMASEDA', 48800, 944731444, '944598075', 'bagabiltza@bagabiltza.com', '', '484093.17265213', '4782379.1605525'),
('BIZKAIA', 'PRIVADA', 15572, 'CPES ORUE ESKOLA BHIP', 'SAN MIGUEL DUDEA Z/G', 'AMOREBIETA-ETXANO', 48340, 946300058, '946308199', 'info@orueeskola.org', '', '524137.40858613', '4783443.2939513'),
('BIZKAIA', 'DEPART. EDUCACIÓN', 15623, 'IES ONDARROA BHI', 'ARTIBAI 5', 'ONDARROA', 48700, 946830098, '946831921', '015623aa@hezkuntza.net', '', '546563.16130497', '4796415.1035769'),
('BIZKAIA', 'DEPART. EDUCACIÓN', 15624, 'IES LEKEITIO BHI', 'LARROTEGI AUZOA 5', 'LEKEITIO', 48280, 946841311, '946840107', '015624aa@hezkuntza.net', '', '539847.44061403', '4801008.1286800'),
('BIZKAIA', 'DEPART. EDUCACIÓN', 15628, 'CIFP ZORNOTZA LHII', 'B. URRITXE Z/G', 'AMOREBIETA-ETXANO', 48340, 946730251, '944040731', '015628aa@hezkuntza.net', '', '522285.24353204', '4785728.1688716'),
('BIZKAIA', 'DEPART. EDUCACIÓN', 15630, 'CIFP TARTANGA LHII', 'TARTANGA 15', 'ERANDIO', 48950, 944675311, '944675004', '015630aa@hezkuntza.net', '', '502108.63554923', '4794940.6137051'),
('BIZKAIA', 'DEPART. EDUCACIÓN', 15666, 'CIFP REPELEGA LHII', 'MIGUEL DE UNAMUNO 19', 'PORTUGALETE', 48920, 944955903, '944955919', '015666aa@hezkuntza.net', '', '498374.71935172', '4795521.8653930'),
('BIZKAIA', 'PRIVADA', 15673, 'CPES BEURKO CHECK BHIP', 'IBAIBE POL BEURKO VIEJO 13-15', 'BARAKALDO', 48902, 944378179, '944378179', 'beurkocheck@gmail.com', '', '500319.48523725', '4794402.6831993'),
('BIZKAIA', 'DEPART. EDUCACIÓN', 15763, 'CIFP TXURDINAGA LHII', 'DOCTOR ORNILLA 2', 'BILBAO', 48004, 944125712, '944731359', '015763aa@hezkuntza.net', '', '507888.05711204', '4789446.1420889'),
('BIZKAIA', 'PRIVADA', 15769, 'CPES GRUPO ALBOR COHS BHIP', 'TIBOLI 2', 'BILBAO', 48007, 944820094, '944820271', 'investigacion@calvida.com', '', '506046.29006761', '4790343.6893957'),
('BIZKAIA', 'PRIVADA', 15774, 'CPES GRUPO HOSPITALARIO QUIRÓN BHIP', 'LEIOA - UNBE ERREPIDEA 33 BIS', 'ERANDIO', 48950, 944898008, '000000000', 'escuela.hospbizkaia@quiron.es', '', '503764.72267180', '4797405.3920066');

-- --------------------------------------------------------

--
-- Estructura de tabla para la tabla `ciclos`
--

CREATE TABLE `ciclos` (
  `cod_ciclo` varchar(5) COLLATE utf8_spanish_ci NOT NULL,
  `cod_familia` varchar(3) COLLATE utf8_spanish_ci NOT NULL,
  `tipo` varchar(8) COLLATE utf8_spanish_ci NOT NULL,
  `nom_ciclo_es` varchar(68) COLLATE utf8_spanish_ci NOT NULL,
  `nom_ciclo_eu` varchar(70) COLLATE utf8_spanish_ci NOT NULL
) ENGINE=InnoDB DEFAULT CHARSET=utf8 COLLATE=utf8_spanish_ci;

--
-- Volcado de datos para la tabla `ciclos`
--

INSERT INTO `ciclos` (`cod_ciclo`, `cod_familia`, `tipo`, `nom_ciclo_es`, `nom_ciclo_eu`) VALUES
('AAFD3', 'AFD', 'Superior', 'Animación de Actividades Fisicas y Deportivas', 'Gorputz- eta Kirol-Ekintzen Sustapena'),
('ACCO2', 'COM', 'Medio', 'Actividades Comerciales', 'Merkataritza Jarduerak'),
('ACMN2', 'AGA', 'Medio', 'Aprovechamiento y Conservación Del Medio Natural', 'Natura-Ingurunea Aprobetxatzea eta Kontserbatzea'),
('ACUI3', 'MPE', 'Superior', 'Acuicultura', 'Akuikultura'),
('ADFI3', 'ADG', 'Superior', 'Administración y Finanzas', 'Administrazioa eta Finantzak'),
('AIPC3', 'IMP', 'Superior', 'Asesoría de Imagen Personal y Corporativa', 'Irudi Pertsonalaren eta Korporatiboaren Aholkularitza'),
('AJEI3', 'IMS', 'Superior', 'Animaciones 3D, Juegos y Entornos Interactivos', '3D Animazioak, Jokoak eta Multimedia Elkarreragileak'),
('ANPA3', 'SAN', 'Superior', 'Anatomía Patológica y Citodiagnóstico', 'Anatomia Patologikoa eta Zitodiagnosia'),
('ASDI3', 'ADG', 'Superior', 'Asistencia a La Dirección', 'Zuzendaritzari Laguntza Ematea'),
('ASIR3', 'IFC', 'Superior', 'Administración de Sistemas Informáticos en Red', 'Sare-Informatika Sistemen Administrazioa'),
('ASTU3', 'SSC', 'Superior', 'Animación Sociocultural y Turística', 'Animazio Soziokulturala eta Turistikoa'),
('AURI3', 'ELE', 'Superior', 'Automatización y Robótica Industrial', 'Automatizazioa eta Robotika Industriala'),
('AUTO3', 'TMV', 'Superior', 'Automoción', 'Automozioa'),
('AVGE3', 'HOT', 'Superior', 'Agencias de Viajes y Gestión de Eventos', 'Bidaia Agentzietako eta Ospakizunen Kudeaketa'),
('CAEN2', 'SAN', 'Medio', 'Cuidados Auxiliares de Enfermería', 'Erizaintzaren Laguntza'),
('CAFD2', 'AFD', 'Medio', 'Conducción de Actividades Fisico-Deportivas en El Medio Natural', 'Natura-Inguruneko Gorputz- eta Kirol-Ekintzen Gidaritza'),
('CAMP3', 'IMP', 'Superior', 'Caracterización y Maquillaje Profesional', 'Karakterizazio eta Makillaje Profesionala'),
('CAMU2', 'MAM', 'Medio', 'Carpintería y Mueble', 'Arotzeria eta Altzarigintza'),
('CARR2', 'TMV', 'Medio', 'Carrocería', 'Karrozeria'),
('COGA2', 'HOT', 'Medio', 'Cocina y Gastronomía', 'Sukaldaritza eta Gastronomia'),
('COIN3', 'COM', 'Superior', 'Comercio Internacional', 'Nazioarteko Merkataritza'),
('COME3', 'FME', 'Superior', 'Construcciones Metálicas', 'Metal Eraikuntzak'),
('COMO2', 'TCP', 'Medio', 'Confección y Moda', 'Jantzigintza eta Moda'),
('CONS2', 'EOC', 'Medio', 'Construcción', 'Eraikuntza'),
('DADS3', 'SAN', 'Superior', 'Documentación y Administración Sanitarias', 'Osasun-Dokumentazioa eta Administrazioa'),
('DAPM3', 'IFC', 'Superior', 'Desarrollo de Aplicaciones Multiplataforma', 'Plataforma Anitzeko Aplikazioen Garapena'),
('DAPW3', 'IFC', 'Superior', 'Desarrollo de Aplicaciones Web', 'Web Aplikazioen Garapena'),
('DEPM3', 'ARG', 'Superior', 'Diseño y Edición de Publicaciones Impresas y Multimedia', 'Argitalpen Inprimatuen eta Multimedia-Argitalpenen Diseinu eta Edizioa'),
('DGPG3', 'ARG', 'Superior', 'Diseño y Gestión de La Producción Gráfica', 'Produkzio Grafikoaren Diseinu eta Kudeaketa'),
('DIAM3', 'MAM', 'Superior', 'Diseño y Amueblamiento', 'Diseinua eta Altzari-Hornikuntza'),
('DICO3', 'HOT', 'Superior', 'Dirección de Cocina', 'Sukalde Zuzendaritza'),
('DIET3', 'SAN', 'Superior', 'Dietética', 'Dietetika'),
('DIFM3', 'FME', 'Superior', 'Diseño en Fabricación Mecánica', 'Fabrikazio Mekanikoko Diseinua'),
('DISR3', 'HOT', 'Superior', 'Dirección de Servicios en Restauración', 'Jatetxe Arloko Zerbitzuen Zuzendaritza'),
('DPTF3', 'IMA', 'Superior', 'Desarrollo de Proyectos de Instalaciones Térmicas y de Fluidos', 'Instalazio Termiko eta Fluidodunen Proiektuen Garapena'),
('EDCA3', 'SMA', 'Superior', 'Educación y Control Ambiental', 'Ingurumen-Hezkuntza eta Kontrola'),
('EDIN3', 'SMA', 'Superior', 'Educación Infantil', 'Haur Hezkuntza'),
('EDPE3', 'IMP', 'Superior', 'Estilismo y Dirección de Peluquería', 'Ile-Apainketako Estilismoa eta Zuzendaritza'),
('EEST3', 'ENA', 'Superior', 'Eficiencia Energética y Energía Solar Térmica', 'Energi-Eraginkoratasuna eta Eguzki-Energia'),
('ELMA2', 'TMV', 'Medio', 'Electromecánica de Maquinaria', 'Makineriako Elektromekanika'),
('ELVA2', 'TMV', 'Medio', 'Electromecánica de Vehículos Automóviles', 'Ibilgailu Automobilen Elektromekanika'),
('EMCL3', 'ELE', 'Superior', 'Electromedicina Clínica', 'Elektromedikuntza Klinikloa'),
('EMSA2', 'SAN', 'Medio', 'Emergencias Sanitarias', 'Osasun-Larrialdiak'),
('ESBE2', 'IMP', 'Medio', 'Estética y Belleza', 'Estetika eta Edergintza'),
('ESIB3', 'IMP', 'Superior', 'Estética Integral y Bienestar', 'Estetika Integrala eta Ongizatea'),
('FAPA2', 'SAN', 'Medio', 'Farmacia y Parafarmacia', 'Farmazia eta Parafarmazia'),
('FPPB3', 'QUI', 'Superior', 'Fabricación de Productos Farmaceúticos, Biotecnológicos y Afines', 'Produktu Farmazeutikoak, Bioteknologikoak eta Antzkoak Fabrikatzea'),
('GADM2', 'ADG', 'Medio', 'Gestión Administrativa', 'Administrazio Kudeaketa'),
('GALT3', 'HOT', 'Superior', 'Gestión de Alojamientos Turísticos', 'Turismo-Ostatuen Kudeaketa'),
('GEAT3', 'HOT', 'Superior', 'Guía, Información y Asistencias Turísticas', 'Turismo Gidaritza, Informazioa eta Laguntza'),
('GFMN3', 'AGA', 'Superior', 'Gestión Forestal y Del Medio Natural', 'Basoa eta Natura-Ingurunea Kudeatzea'),
('GVEC3', 'COM', 'Superior', 'Gestión de Ventas y Espacios Comerciales', 'Salmentak eta Merkataritza-Espazioak Kudeatzea'),
('HIGB3', 'SAN', 'Superior', 'Higiene Bucodental', 'Ahoaren eta Hortzen Higienea'),
('ICTI3', 'IMS', 'Superior', 'Iluminación, Captación y Tratamiento de Imagen', 'Irudia Argiztatu, Hartu eta Tratatzea'),
('IDMN3', 'SAN', 'Superior', 'Imagen Para El Diagnóstico y Medicina Nuclear', 'Diagnosi Irudia eta Medikuntza Nuklearra'),
('IMGR2', 'ARG', 'Medio', 'Impresión Gráfica', 'Inprimaketa Grafikoa'),
('INAM2', 'MAM', 'Medio', 'Instalación y Amueblamiento', 'Instalazioa eta Altzari-Hornikuntza'),
('INEA2', 'ELE', 'Medio', 'Instalaciones Eléctricas y Automáticas', 'Instalazio Elektriko eta Automatikoak'),
('INFC2', 'IMA', 'Medio', 'Instalaciones Frigoríficas y de Climatización', 'Hozteko eta Girotzeko Instalazioak'),
('INPC2', 'IMA', 'Medio', 'Instalaciones de Producción de Calor', 'Beroa Sortzeko Instalazioak'),
('INSO3', 'SSC', 'Superior', 'Integración Social', 'Gizarteratzea'),
('INTE2', 'ELE', 'Medio', 'Instalaciones de Telecomunicaciones', 'Telekomunikazio Instalazioak'),
('JAFO2', 'AGA', 'Medio', 'Jardinería y Floristería', 'Lorezaintza eta Loradenda'),
('LACB3', 'SAN', 'Superior', 'Laboratorio Clínico y Biomédico', 'Laborategi Kliniko eta Biomedikoa'),
('LACC3', 'QUI', 'Superior', 'Laboratorio de Análisis y de Control de Calidad', 'Analisiko eta Kalitate Kontroleko Laborategia'),
('MAEL2', 'IMA', 'Medio', 'Mantenimiento Electromecánico', 'Mantentze-Lan Elektromekanikoa'),
('MAEL3', 'ELE', 'Superior', 'Mantenimiento Electrónico', 'Mantentze-Lan Elektronikoa'),
('MAPU3', 'COM', 'Superior', 'Marketing y Publicidad', 'Marketina eta Publizitatea'),
('MCMB2', 'MPE', 'Medio', 'Mantenimiento y Control de La Maquinaria de Buques y Embarcaciones', 'Itsasontzien eta Ontzien Makineria Mantentzea eta Kontrolatzea'),
('MECA2', 'FME', 'Medio', 'Mecanizado', 'Mekanizazioa'),
('MEIN3', 'IMA', 'Superior', 'Mecatrónica Industrial', 'Mekatronika Industriala'),
('MITF3', 'IMA', 'Superior', 'Mantenimiento de Instalaciones Térmicas y de Fluidos', 'Instalazio Termiko eta Fluidodunen Mantenimendua'),
('NPLI2', 'MPE', 'Medio', 'Navegación y Pesca de Litoral', 'Itsasertzeko Nabigazioa eta Arrantza'),
('OCOC3', 'EOC', 'Superior', 'Organización y Control de Obras de Construcción', 'Eraikuntza Obrak Antolatzea eta Kontrolatzea'),
('OIDR2', 'EOC', 'Medio', 'Obras de Interior, Decoración y Rehabilitación', 'Barnealdeetako, Dekorazioko eta Birgaitzeko Obrak'),
('OMMB3', 'MPE', 'Superior', 'Organización y Mantenimiento de Maquinaria de Buques y Embarcaciones', 'Itsasontzien eta Ontzien Makineria Mantentzeko Lanak Antolatzea'),
('OPAP3', 'SAN', 'Superior', 'Ortoprótesis y Productos de Apoyo', 'Ortoprotesia eta Laguntza Produktuak'),
('OPLA2', 'QUI', 'Medio', 'Operaciones de Laboratorio', 'Laborategiko Eragiketak'),
('OSHI2', 'MPE', 'Medio', 'Operaciones Subacuáticas E Hiperbáricas', 'Urpeko Eragiketak eta Eragiketa Hiperbarikoak'),
('PAES3', 'IMS', 'Superior', 'Producción de Audiovisuales y Espectáculos', 'Ikus-Entzunezko eta Ikuskizunen Produkzioa'),
('PAMO3', 'TCP', 'Superior', 'Patronaje y Moda', 'Patroigintza eta Moda'),
('PAMR3', 'AGA', 'Superior', 'Paisajismo y Medio Rural', 'Paisajismoa eta Landa-Ingurunea'),
('PARC2', 'INA', 'Medio', 'Panadería, Repostería y Confitería', 'Okintza, Gozogintza eta Konfiteria'),
('PCIA3', 'INA', 'Superior', 'Procesos y Calidad en La Industria Alimentaria', 'Elikagaien Industriako Prozesuak eta Kalitatea'),
('PCOC2', 'IMP', 'Medio', 'Peluquería y Cosmética Capilar', 'Ile-Apainketa eta -Kosmetika'),
('PESD2', 'SMA', 'Medio', 'Atención a Personas en Situación de Dependencia', 'Mendekotasun-Egoeran Dauden Pertsonentzako Arreta'),
('PLQI2', 'QUI', 'Medio', 'Planta Química', 'Kimikagintza'),
('PPFM3', 'FME', 'Superior', 'Programación de La Producción en Fabricación Mecánica', 'Fabrikazio Mekanikoko Produkzioaren Programazioa'),
('PRAE2', 'AGA', 'Medio', 'Producción Agroecológica', 'Nekazaritza Ekologikoa'),
('PRAP2', 'AGA', 'Medio', 'Producción Agropecuaria', 'Nekazaritza eta Abelzaintza Produkzioa'),
('PRED3', 'EOC', 'Superior', 'Proyectos de Edificación', 'Eraikuntza Proiektuak'),
('PRID2', 'ARG', 'Medio', 'Preimpresión Digital', 'Aurreinprimaketa Digitala'),
('PROC3', 'EOC', 'Superior', 'Proyectos de Obra Civil', 'Obra Zibileko Proiektuak'),
('PRRP3', 'IMA', 'Superior', 'Prevención de Riesgos Profesionales', 'Lan Arriskuen Prebentzioa'),
('QUAM3', 'QUI', 'Superior', 'Química Ambiental', 'Ingurugiro-Kimika'),
('QUIN3', 'QUI', 'Superior', 'Química Industrial', 'Kimika Industriala'),
('RAES3', 'IMS', 'Superior', 'Realización de Proyectos de Audiovisuales y Espectáculos', 'Ikus Entzunezko Proiektuen eta Ikuskizunen Errealizazioa'),
('SAAM3', 'SAN', 'Superior', 'Salud Ambiental', 'Ingurugiro-Osasuna'),
('SAES3', 'IMS', 'Superior', 'Sonido Para Audiovisuales y Espectáculos', 'Ikus-Entzunezkoetarako eta Ikuskizunetarako Soinua'),
('SELA3', 'ELE', 'Superior', 'Sistemas Electrotécnicos y Automatizados', 'Sistema Elektroteknikoak eta Automatizatuak'),
('SERR2', 'HOT', 'Medio', 'Servicios en Restauración', 'Jatetxe Arloko Zerbitzuak'),
('SMIR2', 'IFC', 'Medio', 'Sistemas Microinformáticos y Redes', 'Mikroinformatika-Sistemak eta Sareak'),
('SOCA2', 'FME', 'Medio', 'Soldadura y Calderería', 'Soldadura eta Galdaragintza'),
('STEI3', 'ELE', 'Superior', 'Sistemas de Telecomunicaciones E Informáticos', 'Telekomunikazio- eta Informatika-Sistemak'),
('TMPA3', 'MPE', 'Superior', 'Transporte Marítimo y Pesca de Altura', 'Itsas Garraioa eta Alturako Arrantza'),
('TRLO3', 'COM', 'Superior', 'Transporte y Logística', 'Garraio eta Logistika'),
('VDJS2', 'IMS', 'Medio', 'Video, Disc-Jockey y Sonido', 'Disc-Jockeya, Bideo eta Soinua'),
('VMES3', 'TCP', 'Superior', 'Vestuario a Medida y de Espectáculos', 'Neurriko Jantziak eta Ikuskizunetakoak');

-- --------------------------------------------------------

--
-- Estructura de tabla para la tabla `familias`
--

CREATE TABLE `familias` (
  `cod_familia` varchar(3) COLLATE utf8_spanish_ci NOT NULL,
  `nom_familia_eu` varchar(40) COLLATE utf8_spanish_ci NOT NULL,
  `nom_familia_es` varchar(42) COLLATE utf8_spanish_ci NOT NULL
) ENGINE=InnoDB DEFAULT CHARSET=utf8 COLLATE=utf8_spanish_ci;

--
-- Volcado de datos para la tabla `familias`
--

INSERT INTO `familias` (`cod_familia`, `nom_familia_eu`, `nom_familia_es`) VALUES
('ADG', 'Administrazioa eta Kudeaketa', 'Administración y Gestión'),
('AFD', 'Jarduera Fisikoak eta Kirolak', 'Actividades Físicas y Deportivas'),
('AGA', 'Nekazaritza', 'Agraria'),
('ARG', 'Arte Grafikoak', 'Artes Gráficas'),
('COM', 'Merkataritza eta Marketina', 'Comercio y Marketing'),
('ELE', 'Elektrizitatea eta Elektronika', 'Electricidad y Electrónica'),
('ENA', 'Energia eta Ura', 'Energía y Agua'),
('EOC', 'Eraikuntza eta Obra Zibila', 'Edificación y Obra Civil'),
('FME', 'Fabrikazio Mekanikoa', 'Fabricación Mecánica'),
('HOT', 'Ostalaritza eta Turismoa', 'Hostelería y Turismo'),
('IFC', 'Informatika eta Komunikazioak', 'Informática y Comunicaciones'),
('IMA', 'Instalatze eta Mantentze Lanak', 'Instalación y Mantenimiento'),
('IMP', 'Irudi Pertsonala', 'Imagen Personal'),
('IMS', 'Irudi eta Soinua', 'Imagen y Sonido'),
('INA', 'Elikagaien Industriak', 'Industrias Alimentarias'),
('MAM', 'Zurgintza, Altzarigintza eta Kortxoa', 'Madera, Mueble y Corcho'),
('MPE', 'Itsasoa eta Arrantza', 'Marítimo Pesquera'),
('QUI', 'Kimika', 'Química'),
('SAN', 'Osasungintza', 'Sanidad'),
('SMA', 'Segurtasuna eta Ingurumena', 'Seguridad y Medio Ambiente'),
('SSC', 'Gizarte eta Kultur Zerbitzuak', 'Servicios Socioculturales y a La Comunidad'),
('TCP', 'Ehungintza, Jantzigintza eta Larrugintza', 'Textil, Confección y Piel'),
('TMV', 'Garraioa eta Ibilgailuen Mantentze Lanak', 'Transporte y Mantenimiento de Vehículos');

-- --------------------------------------------------------

--
-- Estructura de tabla para la tabla `oferta`
--

CREATE TABLE `oferta` (
  `codigo` int(3) NOT NULL DEFAULT '0',
  `cod_ciclo` varchar(5) CHARACTER SET utf8 COLLATE utf8_spanish_ci DEFAULT NULL,
  `cod_centro` int(6) DEFAULT NULL,
  `modelo` varchar(11) CHARACTER SET utf8 COLLATE utf8_spanish_ci DEFAULT NULL,
  `turno` varchar(8) CHARACTER SET utf8 COLLATE utf8_spanish_ci DEFAULT NULL
) ENGINE=InnoDB DEFAULT CHARSET=utf8;

--
-- Volcado de datos para la tabla `oferta`
--

INSERT INTO `oferta` (`codigo`, `cod_ciclo`, `cod_centro`, `modelo`, `turno`) VALUES
(1, 'CAFD2', 12229, 'D', 'Diurno'),
(2, 'CAFD2', 15307, 'D', 'Diurno'),
(3, 'CAFD2', 13015, 'D', 'Diurno'),
(4, 'AAFD3', 14010, 'AD', 'Diurno'),
(5, 'AAFD3', 12345, 'D', 'Diurno'),
(6, 'AAFD3', 14069, 'A', 'Diurno'),
(7, 'AAFD3', 15305, 'D', 'Diurno'),
(8, 'AAFD3', 14669, 'AB', 'Diurno'),
(9, 'AAFD3', 12229, 'AD', 'Diurno'),
(10, 'AAFD3', 12362, 'D', 'Diurno'),
(11, 'AAFD3', 15307, 'D', 'Diurno'),
(12, 'AAFD3', 12053, 'A', 'Diurno'),
(13, 'AAFD3', 14301, 'D', 'Diurno'),
(14, 'AAFD3', 10138, 'D', 'Diurno'),
(15, 'AAFD3', 10221, 'A', 'Diurno'),
(16, 'GADM2', 14069, 'A', 'Diurno'),
(17, 'GADM2', 14088, 'AD', 'Diurno'),
(18, 'GADM2', 13020, 'D', 'Diurno'),
(19, 'GADM2', 14704, 'A', 'Diurno'),
(20, 'GADM2', 14696, 'A', 'Diurno'),
(21, 'GADM2', 14615, 'B', 'Diurno'),
(22, 'GADM2', 14635, 'A', 'Diurno'),
(23, 'GADM2', 12982, 'AD', 'Diurno'),
(24, 'GADM2', 12517, 'A', 'Diurno'),
(25, 'GADM2', 12544, 'A', 'Diurno'),
(26, 'GADM2', 12497, 'A', 'Diurno'),
(27, 'GADM2', 14728, 'AB', 'Diurno'),
(28, 'GADM2', 12053, 'A', 'Diurno'),
(29, 'GADM2', 13432, 'D', 'Diurno'),
(30, 'GADM2', 15630, 'AB', 'Diurno'),
(31, 'GADM2', 14279, 'AD', 'Diurno'),
(32, 'GADM2', 14747, 'A', 'Diurno'),
(33, 'GADM2', 12108, 'ABD', 'Diurno'),
(34, 'GADM2', 14950, 'ABD', 'Diurno'),
(35, 'GADM2', 15624, 'D', 'Diurno'),
(36, 'GADM2', 10201, 'A', 'Diurno'),
(37, 'GADM2', 15108, 'ABD', 'Diurno'),
(38, 'GADM2', 14779, 'A', 'Diurno'),
(39, 'GADM2', 15666, 'AB', 'Diurno'),
(40, 'GADM2', 14810, 'A', 'Diurno'),
(41, 'GADM2', 13022, 'ABD', 'Diurno'),
(42, 'GADM2', 10137, 'A', 'Diurno'),
(43, 'GADM2', 10248, 'A', 'Diurno'),
(44, 'ADFI3', 15572, 'D', 'Diurno'),
(45, 'ADFI3', 12746, 'B', 'Diurno'),
(46, 'ADFI3', 13556, 'D', 'Diurno'),
(47, 'ADFI3', 14069, 'A', 'Diurno'),
(48, 'ADFI3', 14088, 'AD', 'Diurno'),
(49, 'ADFI3', 14088, 'A', 'Nocturno'),
(50, 'ADFI3', 13020, 'D inglés', 'Diurno'),
(51, 'ADFI3', 15112, 'A', 'Diurno'),
(52, 'ADFI3', 15763, 'ABD', 'Diurno'),
(53, 'ADFI3', 14615, 'A', 'Diurno'),
(54, 'ADFI3', 14718, 'A', 'Diurno'),
(55, 'ADFI3', 14704, 'A', 'Diurno'),
(56, 'ADFI3', 14696, 'A', 'Diurno'),
(57, 'ADFI3', 14635, 'A', 'Diurno'),
(58, 'ADFI3', 14669, 'A', 'Diurno'),
(59, 'ADFI3', 12982, 'AD inglés', 'Diurno'),
(60, 'ADFI3', 12490, 'AD', 'Diurno'),
(61, 'ADFI3', 12479, 'A', 'Diurno'),
(62, 'ADFI3', 12497, 'A', 'Diurno'),
(63, 'ADFI3', 14728, 'AB', 'Diurno'),
(64, 'ADFI3', 12053, 'ABD', 'Diurno'),
(65, 'ADFI3', 13432, 'D', 'Diurno'),
(66, 'ADFI3', 15630, 'AB', 'Diurno'),
(67, 'ADFI3', 14279, 'ABD', 'Diurno'),
(68, 'ADFI3', 12108, 'A', 'Diurno'),
(69, 'ADFI3', 12742, 'A', 'Diurno'),
(70, 'ADFI3', 14950, 'D', 'Diurno'),
(71, 'ADFI3', 10201, 'A', 'Diurno'),
(72, 'ADFI3', 14775, 'D', 'Diurno'),
(73, 'ADFI3', 14779, 'A', 'Diurno'),
(74, 'ADFI3', 12132, 'D', 'Diurno'),
(75, 'ADFI3', 12462, 'D', 'Diurno'),
(76, 'ADFI3', 12581, 'D', 'Diurno'),
(77, 'ADFI3', 15666, 'AB', 'Diurno'),
(78, 'ADFI3', 14797, 'A', 'Diurno'),
(79, 'ADFI3', 14810, 'A', 'Diurno'),
(80, 'ADFI3', 13023, 'D', 'Diurno'),
(81, 'ADFI3', 13022, 'AD inglés', 'Diurno'),
(82, 'ADFI3', 10137, 'ABD', 'Diurno'),
(83, 'ADFI3', 10248, 'AD', 'Diurno'),
(84, 'ADFI3', 10248, 'A', 'Nocturno'),
(85, 'ADFI3', 12298, 'D', 'Diurno'),
(86, 'ASDI3', 15112, 'A', 'Diurno'),
(87, 'ASDI3', 14669, 'A', 'Diurno'),
(88, 'ASDI3', 12490, 'AB', 'Diurno'),
(89, 'ASDI3', 10201, 'A', 'Diurno'),
(90, 'ASDI3', 12462, 'D', 'Diurno'),
(91, 'ASDI3', 10137, 'A', 'Diurno'),
(92, 'ASDI3', 10248, 'A', 'Diurno'),
(93, 'PRAE2', 14949, 'ABD', 'Diurno'),
(94, 'PRAE2', 10108, 'A inglés', 'Diurno'),
(95, 'PRAP2', 12040, 'D', 'Diurno'),
(96, 'JAFO2', 14949, 'A', 'Diurno'),
(97, 'JAFO2', 10108, 'A', 'Diurno'),
(98, 'JAFO2', 12040, 'D', 'Diurno'),
(99, 'ACMN2', 10157, 'A', 'Diurno'),
(100, 'GFMN3', 14949, 'D', 'Diurno'),
(101, 'GFMN3', 12040, 'D', 'Diurno'),
(102, 'GFMN3', 10157, 'A', 'Diurno'),
(103, 'PAMR3', 14949, 'A', 'Diurno'),
(104, 'PAMR3', 10108, 'A', 'Diurno'),
(105, 'PRID2', 14205, 'AD', 'Diurno'),
(106, 'PRID2', 12498, 'A', 'Diurno'),
(107, 'IMGR2', 14205, 'AD', 'Diurno'),
(108, 'IMGR2', 14205, 'A', 'Nocturno'),
(109, 'IMGR2', 12572, 'B', 'Diurno'),
(110, 'IMGR2', 10138, 'AD', 'Diurno'),
(111, 'DEPM3', 14205, 'A', 'Nocturno'),
(112, 'DEPM3', 12498, 'A', 'Diurno'),
(113, 'DEPM3', 12572, 'A', 'Diurno'),
(114, 'DEPM3', 10138, 'A', 'Diurno'),
(115, 'DGPG3', 14205, 'A', 'Diurno'),
(116, 'ACCO2', 15628, 'ABD', 'Diurno'),
(117, 'ACCO2', 15112, 'A', 'Diurno'),
(118, 'ACCO2', 15763, 'A', 'Diurno'),
(119, 'ACCO2', 14696, 'A', 'Diurno'),
(120, 'ACCO2', 12982, 'ABD', 'Diurno'),
(121, 'ACCO2', 12544, 'B', 'Diurno'),
(122, 'ACCO2', 12517, 'A', 'Diurno'),
(123, 'ACCO2', 12053, 'ABD', 'Diurno'),
(124, 'ACCO2', 13023, 'D inglés', 'Diurno'),
(125, 'ACCO2', 10137, 'ABD', 'Diurno'),
(126, 'COIN3', 15112, 'A', 'Diurno'),
(127, 'COIN3', 14669, 'A', 'Diurno'),
(128, 'COIN3', 12497, 'A', 'Diurno'),
(129, 'COIN3', 12053, 'ABD', 'Diurno'),
(130, 'COIN3', 12108, 'ABD', 'Diurno'),
(131, 'COIN3', 14440, 'AD', 'Diurno'),
(132, 'COIN3', 10137, 'A', 'Diurno'),
(133, 'TRLO3', 14718, 'A', 'Diurno'),
(134, 'TRLO3', 12108, 'A', 'Diurno'),
(135, 'TRLO3', 15666, 'AB', 'Diurno'),
(136, 'TRLO3', 10137, 'A', 'Diurno'),
(137, 'MAPU3', 15305, 'D', 'Diurno'),
(138, 'MAPU3', 14696, 'A', 'Diurno'),
(139, 'MAPU3', 12982, 'D', 'Diurno'),
(140, 'MAPU3', 12497, 'A', 'Diurno'),
(141, 'MAPU3', 12479, 'A', 'Diurno'),
(142, 'MAPU3', 12490, 'A', 'Diurno'),
(143, 'MAPU3', 14779, 'AB', 'Diurno'),
(144, 'MAPU3', 14810, 'A', 'Diurno'),
(145, 'MAPU3', 10137, 'A', 'Diurno'),
(146, 'MAPU3', 10248, 'A', 'Diurno'),
(147, 'GVEC3', 15763, 'ABD', 'Diurno'),
(148, 'GVEC3', 14669, 'A', 'Diurno'),
(149, 'GVEC3', 14837, 'A', 'Diurno'),
(150, 'GVEC3', 12982, 'ABD', 'Diurno'),
(151, 'GVEC3', 12462, 'A', 'Diurno'),
(152, 'GVEC3', 10137, 'A', 'Diurno'),
(153, 'OIDR2', 14945, 'A', 'Diurno'),
(154, 'OIDR2', 13532, 'AB', 'Diurno'),
(155, 'OIDR2', 10296, 'A', 'Diurno'),
(156, 'CONS2', 14945, 'A', 'Diurno'),
(157, 'CONS2', 13532, 'AB', 'Diurno'),
(158, 'CONS2', 10296, 'A', 'Diurno'),
(159, 'PRED3', 14945, 'ABD', 'Diurno'),
(160, 'PRED3', 14069, 'A', 'Diurno'),
(161, 'PRED3', 14205, 'A', 'Diurno'),
(162, 'PRED3', 14205, 'A', 'Nocturno'),
(163, 'PRED3', 12229, 'ABD', 'Diurno'),
(164, 'PRED3', 10296, 'A inglés', 'Diurno'),
(165, 'PROC3', 14069, 'A', 'Diurno'),
(166, 'PROC3', 15112, 'AB', 'Diurno'),
(167, 'PROC3', 12229, '2. kurtsoa', 'Diurno'),
(168, 'PROC3', 13021, 'ABD inglés', 'Diurno'),
(169, 'OCOC3', 14945, 'AD', 'Diurno'),
(170, 'OCOC3', 13532, 'AB', 'Diurno'),
(171, 'OCOC3', 10296, 'A', 'Diurno'),
(172, 'INEA2', 14069, 'A', 'Diurno'),
(173, 'INEA2', 14088, 'AD', 'Diurno'),
(174, 'INEA2', 14088, 'A', 'Nocturno'),
(175, 'INEA2', 13020, 'ABD', 'Diurno'),
(176, 'INEA2', 15112, 'AB', 'Diurno'),
(177, 'INEA2', 14205, 'A', 'Diurno'),
(178, 'INEA2', 14664, 'A', 'Diurno'),
(179, 'INEA2', 14680, 'A', 'Diurno'),
(180, 'INEA2', 14634, 'A', 'Diurno'),
(181, 'INEA2', 12229, 'AD', 'Diurno'),
(182, 'INEA2', 14728, 'AB', 'Diurno'),
(183, 'INEA2', 12054, 'ABD', 'Diurno'),
(184, 'INEA2', 15630, 'AB', 'Diurno'),
(185, 'INEA2', 13021, 'ABD', 'Diurno'),
(186, 'INEA2', 12742, 'A', 'Diurno'),
(187, 'INEA2', 15624, 'D', 'Diurno'),
(188, 'INEA2', 10201, 'A', 'Diurno'),
(189, 'INEA2', 14845, 'A', 'Diurno'),
(190, 'INEA2', 15108, 'ABD', 'Diurno'),
(191, 'INEA2', 14779, 'A', 'Diurno'),
(192, 'INEA2', 14422, 'AB', 'Diurno'),
(193, 'INEA2', 14824, 'A', 'Diurno'),
(194, 'INEA2', 13023, 'D inglés', 'Diurno'),
(195, 'INEA2', 12572, 'B', 'Diurno'),
(196, 'INEA2', 13022, 'ABD', 'Diurno'),
(197, 'INEA2', 10138, 'ABD', 'Diurno'),
(198, 'INEA2', 10248, 'A', 'Diurno'),
(199, 'INEA2', 13380, 'D', 'Diurno'),
(200, 'INEA2', 14723, 'B', 'Diurno'),
(201, 'INTE2', 14205, 'A', 'Diurno'),
(202, 'INTE2', 15763, 'A', 'Diurno'),
(203, 'INTE2', 12468, 'ABD inglés', 'Diurno'),
(204, 'INTE2', 14301, 'A', 'Diurno'),
(205, 'INTE2', 13021, 'ABD', 'Diurno'),
(206, 'INTE2', 14779, 'A', 'Diurno'),
(207, 'INTE2', 14422, 'AB', 'Diurno'),
(208, 'INTE2', 10138, 'ABD', 'Diurno'),
(209, 'SELA3', 12456, 'A', 'Diurno'),
(210, 'SELA3', 14069, 'A', 'Diurno'),
(211, 'SELA3', 14205, 'A', 'Nocturno'),
(212, 'SELA3', 15112, 'AD', 'Diurno'),
(213, 'SELA3', 14664, 'A', 'Diurno'),
(214, 'SELA3', 15630, 'AB', 'Diurno'),
(215, 'SELA3', 13534, 'D', 'Diurno'),
(216, 'SELA3', 13021, 'AD inglés', 'Diurno'),
(217, 'SELA3', 10201, 'A', 'Diurno'),
(218, 'SELA3', 14845, 'A', 'Diurno'),
(219, 'SELA3', 15108, 'ABD', 'Diurno'),
(220, 'SELA3', 14779, 'AB', 'Diurno'),
(221, 'SELA3', 12132, 'D', 'Diurno'),
(222, 'SELA3', 14422, 'AB', 'Diurno'),
(223, 'SELA3', 12572, 'B', 'Diurno'),
(224, 'SELA3', 10248, 'A', 'Nocturno'),
(225, 'STEI3', 14069, 'A', 'Diurno'),
(226, 'STEI3', 14205, 'ABD', 'Diurno'),
(227, 'STEI3', 14664, 'A', 'Diurno'),
(228, 'STEI3', 14718, 'A', 'Diurno'),
(229, 'STEI3', 14837, 'A', 'Diurno'),
(230, 'STEI3', 12054, 'AD inglés', 'Diurno'),
(231, 'STEI3', 15630, 'AB', 'Diurno'),
(232, 'STEI3', 14279, 'ABD', 'Diurno'),
(233, 'STEI3', 13021, 'ABD', 'Diurno'),
(234, 'STEI3', 10201, 'A', 'Diurno'),
(235, 'STEI3', 14779, 'AB', 'Diurno'),
(236, 'STEI3', 14422, 'AB', 'Diurno'),
(237, 'STEI3', 10138, 'ABD', 'Diurno'),
(238, 'STEI3', 10248, 'A', 'Diurno'),
(239, 'MAEL3', 12746, 'B', 'Diurno'),
(240, 'MAEL3', 14205, 'A', 'Nocturno'),
(241, 'MAEL3', 14664, 'A', 'Diurno'),
(242, 'MAEL3', 14634, 'A', 'Diurno'),
(243, 'MAEL3', 12054, 'AD', 'Diurno'),
(244, 'MAEL3', 15630, 'AB', 'Diurno'),
(245, 'MAEL3', 12468, 'AD inglés', 'Diurno'),
(246, 'MAEL3', 14301, 'A', 'Diurno'),
(247, 'MAEL3', 13021, 'A', 'Diurno'),
(248, 'MAEL3', 14950, 'D', 'Diurno'),
(249, 'MAEL3', 10248, 'A', 'Diurno'),
(250, 'AURI3', 12456, 'D', 'Diurno'),
(251, 'AURI3', 14069, 'AB', 'Diurno'),
(252, 'AURI3', 14088, 'AD', 'Diurno'),
(253, 'AURI3', 13020, 'ABD', 'Diurno'),
(254, 'AURI3', 14205, 'ABD', 'Diurno'),
(255, 'AURI3', 14664, 'A', 'Diurno'),
(256, 'AURI3', 14837, 'B', 'Diurno'),
(257, 'AURI3', 12229, 'AD', 'Diurno'),
(258, 'AURI3', 14728, 'AB', 'Diurno'),
(259, 'AURI3', 12054, 'AD inglés', 'Diurno'),
(260, 'AURI3', 12742, 'A', 'Diurno'),
(261, 'AURI3', 10201, 'A', 'Diurno'),
(262, 'AURI3', 14775, 'D', 'Diurno'),
(263, 'AURI3', 14779, 'A', 'Diurno'),
(264, 'AURI3', 12581, 'D', 'Diurno'),
(265, 'AURI3', 15666, 'AB', 'Diurno'),
(266, 'AURI3', 13023, 'D inglés', 'Diurno'),
(267, 'AURI3', 12572, 'B', 'Diurno'),
(268, 'AURI3', 13022, 'ABD', 'Diurno'),
(269, 'AURI3', 10248, 'ABD', 'Diurno'),
(270, 'AURI3', 10248, 'A', 'Nocturno'),
(271, 'AURI3', 13380, 'D', 'Diurno'),
(272, 'AURI3', 12593, 'A', 'Diurno'),
(273, 'EMCL3', 15666, 'A', 'Diurno'),
(274, 'EEST3', 14775, 'D', 'Diurno'),
(275, 'EEST3', 15666, 'AD inglés', 'Diurno'),
(276, 'EEST3', 13022, 'ABD inglés', 'Diurno'),
(277, 'EEST3', 10296, 'A inglés', 'Diurno'),
(278, 'MECA2', 10319, 'ABD', 'Diurno'),
(279, 'MECA2', 13255, 'D', 'Diurno'),
(280, 'MECA2', 15021, 'D', 'Diurno'),
(281, 'MECA2', 13556, 'D', 'Diurno'),
(282, 'MECA2', 14069, 'A', 'Diurno'),
(283, 'MECA2', 14088, 'AB', 'Diurno'),
(284, 'MECA2', 13020, 'ABD', 'Diurno'),
(285, 'MECA2', 15112, 'A', 'Diurno'),
(286, 'MECA2', 14205, 'ABD', 'Diurno'),
(287, 'MECA2', 14664, 'A', 'Diurno'),
(288, 'MECA2', 14837, 'B', 'Diurno'),
(289, 'MECA2', 12229, 'AD', 'Diurno'),
(290, 'MECA2', 14728, 'AB', 'Diurno'),
(291, 'MECA2', 12054, 'AD', 'Diurno'),
(292, 'MECA2', 12763, 'ABD', 'Diurno'),
(293, 'MECA2', 14301, 'A', 'Diurno'),
(294, 'MECA2', 13021, 'ABD', 'Diurno'),
(295, 'MECA2', 12742, 'A', 'Diurno'),
(296, 'MECA2', 14950, 'D', 'Diurno'),
(297, 'MECA2', 10201, 'ABD', 'Diurno'),
(298, 'MECA2', 15108, 'AD', 'Diurno'),
(299, 'MECA2', 14779, 'A', 'Diurno'),
(300, 'MECA2', 13015, 'D', 'Diurno'),
(301, 'MECA2', 12581, 'D', 'Diurno'),
(302, 'MECA2', 14422, 'AB', 'Diurno'),
(303, 'MECA2', 14824, 'A', 'Diurno'),
(304, 'MECA2', 13023, 'D', 'Diurno'),
(305, 'MECA2', 13022, 'D', 'Diurno'),
(306, 'MECA2', 10138, 'ABD', 'Diurno'),
(307, 'MECA2', 10248, 'ABD', 'Diurno'),
(308, 'MECA2', 13380, 'D', 'Diurno'),
(309, 'MECA2', 14723, 'D', 'Diurno'),
(310, 'SOCA2', 15628, 'ABD', 'Diurno'),
(311, 'SOCA2', 12746, 'B', 'Diurno'),
(312, 'SOCA2', 13255, 'ABD', 'Diurno'),
(313, 'SOCA2', 14069, 'A', 'Diurno'),
(314, 'SOCA2', 15112, 'AB', 'Diurno'),
(315, 'SOCA2', 14680, 'A', 'Diurno'),
(316, 'SOCA2', 15069, 'A', 'Diurno'),
(317, 'SOCA2', 13432, 'D', 'Diurno'),
(318, 'SOCA2', 12468, 'AD', 'Diurno'),
(319, 'SOCA2', 10201, 'A', 'Diurno'),
(320, 'SOCA2', 14779, 'A', 'Diurno'),
(321, 'SOCA2', 12581, 'D', 'Diurno'),
(322, 'SOCA2', 13023, 'D', 'Diurno'),
(323, 'SOCA2', 10138, 'ABD', 'Diurno'),
(324, 'SOCA2', 10248, 'A', 'Diurno'),
(325, 'PPFM3', 12746, 'D', 'Diurno'),
(326, 'PPFM3', 12456, 'A', 'Diurno'),
(327, 'PPFM3', 15021, 'B', 'Diurno'),
(328, 'PPFM3', 13556, 'D', 'Diurno'),
(329, 'PPFM3', 14069, 'AB', 'Diurno'),
(330, 'PPFM3', 14088, 'AD', 'Diurno'),
(331, 'PPFM3', 13020, 'AD inglés', 'Diurno'),
(332, 'PPFM3', 14205, 'A', 'Nocturno'),
(333, 'PPFM3', 15112, 'A', 'Diurno'),
(334, 'PPFM3', 14664, 'A', 'Diurno'),
(335, 'PPFM3', 14837, 'B', 'Diurno'),
(336, 'PPFM3', 12229, 'AD', 'Diurno'),
(337, 'PPFM3', 12054, 'AD', 'Diurno'),
(338, 'PPFM3', 12763, 'D', 'Diurno'),
(339, 'PPFM3', 14301, 'A', 'Diurno'),
(340, 'PPFM3', 13021, 'ABD', 'Diurno'),
(341, 'PPFM3', 12742, 'A', 'Diurno'),
(342, 'PPFM3', 14950, 'D', 'Diurno'),
(343, 'PPFM3', 10201, 'A', 'Diurno'),
(344, 'PPFM3', 14775, 'D', 'Diurno'),
(345, 'PPFM3', 15108, 'ABD', 'Diurno'),
(346, 'PPFM3', 14779, 'A', 'Diurno'),
(347, 'PPFM3', 12581, 'D', 'Diurno'),
(348, 'PPFM3', 14422, 'AB', 'Diurno'),
(349, 'PPFM3', 13023, 'D inglés', 'Diurno'),
(350, 'PPFM3', 13022, 'AD', 'Diurno'),
(351, 'PPFM3', 10138, 'ABD', 'Diurno'),
(352, 'PPFM3', 10248, 'A', 'Nocturno'),
(353, 'PPFM3', 10248, 'ABD', 'Diurno'),
(354, 'PPFM3', 13380, 'D', 'Diurno'),
(355, 'PPFM3', 14723, 'A', 'Diurno'),
(356, 'PPFM3', 12593, 'A', 'Diurno'),
(357, 'COME3', 15628, 'AD', 'Diurno'),
(358, 'COME3', 13255, 'D', 'Diurno'),
(359, 'COME3', 14069, 'A', 'Diurno'),
(360, 'COME3', 13432, 'D', 'Diurno'),
(361, 'COME3', 12468, 'ABD', 'Diurno'),
(362, 'COME3', 14779, 'A', 'Diurno'),
(363, 'COME3', 12581, 'D', 'Diurno'),
(364, 'COME3', 13023, 'D', 'Diurno'),
(365, 'DIFM3', 12746, 'B', 'Diurno'),
(366, 'DIFM3', 12456, 'D', 'Diurno'),
(367, 'DIFM3', 15021, 'D', 'Diurno'),
(368, 'DIFM3', 14069, 'A', 'Diurno'),
(369, 'DIFM3', 13020, 'D', 'Diurno'),
(370, 'DIFM3', 14205, 'A', 'Diurno'),
(371, 'DIFM3', 15112, 'A', 'Diurno'),
(372, 'DIFM3', 14664, 'A', 'Diurno'),
(373, 'DIFM3', 14837, 'B', 'Diurno'),
(374, 'DIFM3', 12229, 'AD', 'Diurno'),
(375, 'DIFM3', 14728, 'BD', 'Diurno'),
(376, 'DIFM3', 12054, 'ABD', 'Diurno'),
(377, 'DIFM3', 12763, 'D inglés', 'Diurno'),
(378, 'DIFM3', 13534, 'D', 'Diurno'),
(379, 'DIFM3', 13021, 'ABD', 'Diurno'),
(380, 'DIFM3', 14779, 'A', 'Diurno'),
(381, 'DIFM3', 12581, 'D', 'Diurno'),
(382, 'DIFM3', 10138, 'ABD', 'Diurno'),
(383, 'DIFM3', 10248, 'ABD', 'Diurno'),
(384, 'DIFM3', 13380, 'D', 'Diurno'),
(385, 'DIFM3', 14723, 'B', 'Diurno'),
(386, 'COGA2', 15069, 'A', 'Diurno'),
(387, 'COGA2', 15325, 'A', 'Diurno'),
(388, 'COGA2', 12491, 'A', 'Diurno'),
(389, 'COGA2', 15176, 'ABD', 'Diurno'),
(390, 'COGA2', 14340, 'ABD', 'Diurno'),
(391, 'COGA2', 10256, 'AD', 'Diurno'),
(392, 'COGA2', 10248, 'A', 'Diurno'),
(393, 'COGA2', 13070, 'A', 'Diurno'),
(394, 'SERR2', 15176, 'ABD', 'Diurno'),
(395, 'SERR2', 14340, 'A', 'Diurno'),
(396, 'SERR2', 10256, 'A', 'Diurno'),
(397, 'SERR2', 10248, 'A', 'Diurno'),
(398, 'GALT3', 12491, 'A', 'Diurno'),
(399, 'GALT3', 15234, 'A', 'Diurno'),
(400, 'AVGE3', 15112, 'A', 'Diurno'),
(401, 'AVGE3', 14635, 'A', 'Diurno'),
(402, 'AVGE3', 14631, 'A', 'Diurno'),
(403, 'AVGE3', 12982, 'A inglés', 'Diurno'),
(404, 'GEAT3', 15112, 'A', 'Diurno'),
(405, 'GEAT3', 14631, 'B', 'Diurno'),
(406, 'GEAT3', 14635, 'A', 'Diurno'),
(407, 'GEAT3', 12982, 'AD inglés', 'Diurno'),
(408, 'GEAT3', 10134, 'A', 'Diurno'),
(409, 'DISR3', 15325, 'A', 'Diurno'),
(410, 'DISR3', 14340, 'A', 'Diurno'),
(411, 'DICO3', 15325, 'A', 'Diurno'),
(412, 'DICO3', 12491, 'AB', 'Diurno'),
(413, 'DICO3', 15176, 'A', 'Diurno'),
(414, 'DICO3', 14340, 'AD inglés', 'Diurno'),
(415, 'DICO3', 10256, 'AD', 'Diurno'),
(416, 'DICO3', 10248, 'A', 'Diurno'),
(417, 'ESBE2', 14069, 'A', 'Diurno'),
(418, 'ESBE2', 14648, 'A', 'Diurno'),
(419, 'ESBE2', 14621, 'A', 'Diurno'),
(420, 'ESBE2', 12756, 'A', 'Diurno'),
(421, 'ESBE2', 10351, 'A', 'Diurno'),
(422, 'ESBE2', 10138, 'A', 'Diurno'),
(423, 'ESBE2', 12291, 'AD', 'Diurno'),
(424, 'PCOC2', 14069, 'A', 'Diurno'),
(425, 'PCOC2', 14643, 'A', 'Diurno'),
(426, 'PCOC2', 14621, 'A', 'Diurno'),
(427, 'PCOC2', 14635, 'A', 'Diurno'),
(428, 'PCOC2', 14648, 'A', 'Diurno'),
(429, 'PCOC2', 12756, 'A', 'Diurno'),
(430, 'PCOC2', 13500, 'A', 'Diurno'),
(431, 'PCOC2', 14422, 'AB', 'Diurno'),
(432, 'PCOC2', 10248, 'A', 'Diurno'),
(433, 'PCOC2', 12291, 'AD', 'Diurno'),
(434, 'ESIB3', 14069, 'A', 'Diurno'),
(435, 'ESIB3', 14621, 'A', 'Diurno'),
(436, 'ESIB3', 10248, 'A', 'Diurno'),
(437, 'ESIB3', 12291, 'AD', 'Diurno'),
(438, 'EDPE3', 14422, 'AB', 'Diurno'),
(439, 'EDPE3', 10138, 'A', 'Diurno'),
(440, 'EDPE3', 12291, 'ABD', 'Diurno'),
(441, 'AIPC3', 10138, 'ABD', 'Diurno'),
(442, 'CAMP3', 14422, 'A', 'Diurno'),
(443, 'VDJS2', 12394, 'A', 'Diurno'),
(444, 'AJEI3', 12394, 'A', 'Diurno'),
(445, 'AJEI3', 15260, 'A', 'Diurno'),
(446, 'AJEI3', 15305, 'D', 'Diurno'),
(447, 'AJEI3', 12498, 'A', 'Diurno'),
(448, 'AJEI3', 15630, 'A inglés', 'Diurno'),
(449, 'PAES3', 12394, 'A', 'Diurno'),
(450, 'RAES3', 12394, 'A', 'Diurno'),
(451, 'RAES3', 15630, 'A inglés', 'Diurno'),
(452, 'RAES3', 10138, 'AD inglés', 'Diurno'),
(453, 'SAES3', 12394, 'A', 'Diurno'),
(454, 'SAES3', 15630, 'D inglés', 'Diurno'),
(455, 'ICTI3', 12394, 'A', 'Diurno'),
(456, 'PARC2', 12491, 'A', 'Diurno'),
(457, 'PARC2', 15176, 'ABD', 'Diurno'),
(458, 'PARC2', 14340, 'A', 'Diurno'),
(459, 'PARC2', 10256, 'ABD', 'Diurno'),
(460, 'PCIA3', 14775, 'B', 'Diurno'),
(461, 'SMIR2', 15628, 'AD', 'Diurno'),
(462, 'SMIR2', 12345, 'D', 'Diurno'),
(463, 'SMIR2', 15112, 'A', 'Diurno'),
(464, 'SMIR2', 15763, 'ABD', 'Diurno'),
(465, 'SMIR2', 14615, 'B', 'Diurno'),
(466, 'SMIR2', 15305, 'D', 'Diurno'),
(467, 'SMIR2', 14669, 'A', 'Diurno'),
(468, 'SMIR2', 14696, 'A', 'Diurno'),
(469, 'SMIR2', 12982, 'AD', 'Diurno'),
(470, 'SMIR2', 12497, 'A', 'Diurno'),
(471, 'SMIR2', 12053, 'AD', 'Diurno'),
(472, 'SMIR2', 12108, 'A', 'Diurno'),
(473, 'SMIR2', 14779, 'A', 'Diurno'),
(474, 'SMIR2', 14422, 'AB', 'Diurno'),
(475, 'SMIR2', 13023, 'D inglés', 'Diurno'),
(476, 'SMIR2', 10137, 'AD', 'Diurno'),
(477, 'SMIR2', 10248, 'ABD', 'Diurno'),
(478, 'ASIR3', 12456, 'D', 'Diurno'),
(479, 'ASIR3', 15112, 'AB inglés', 'Diurno'),
(480, 'ASIR3', 15763, 'A inglés', 'Diurno'),
(481, 'ASIR3', 14718, 'A', 'Diurno'),
(482, 'ASIR3', 14615, 'A', 'Diurno'),
(483, 'ASIR3', 14669, 'A', 'Diurno'),
(484, 'ASIR3', 14696, 'A', 'Diurno'),
(485, 'ASIR3', 12982, 'AD inglés', 'Diurno'),
(486, 'ASIR3', 12479, 'A', 'Diurno'),
(487, 'ASIR3', 12485, 'A', 'Diurno'),
(488, 'ASIR3', 14728, 'AB', 'Diurno'),
(489, 'ASIR3', 12053, 'A', 'Diurno'),
(490, 'ASIR3', 14779, 'A', 'Diurno'),
(491, 'ASIR3', 13023, 'D inglés', 'Diurno'),
(492, 'ASIR3', 10137, 'A inglés', 'Diurno'),
(493, 'ASIR3', 10248, 'A', 'Diurno'),
(494, 'DAPM3', 15763, '2. kurtsoa', 'Diurno'),
(495, 'DAPM3', 15112, 'AB', 'Diurno'),
(496, 'DAPM3', 14631, 'A', 'Diurno'),
(497, 'DAPM3', 14615, 'A', 'Diurno'),
(498, 'DAPM3', 12485, 'A', 'Diurno'),
(499, 'DAPM3', 12497, 'A', 'Diurno'),
(500, 'DAPM3', 12053, 'D inglés', 'Diurno'),
(501, 'DAPM3', 15630, 'A inglés', 'Diurno'),
(502, 'DAPM3', 12108, '2. kurtsoa', 'Diurno'),
(503, 'DAPM3', 14950, 'D', 'Diurno'),
(504, 'DAPM3', 14779, 'AB', 'Diurno'),
(505, 'DAPM3', 10137, '2. kurtsoa', 'Diurno'),
(506, 'DAPM3', 10248, 'A', 'Nocturno'),
(507, 'DAPW3', 15628, 'ABD', 'Diurno'),
(508, 'DAPW3', 15112, 'A', 'Diurno'),
(509, 'DAPW3', 15763, 'ABD', 'Diurno'),
(510, 'DAPW3', 14718, 'A', 'Diurno'),
(511, 'DAPW3', 14631, 'A', 'Diurno'),
(512, 'DAPW3', 14696, 'A', 'Diurno'),
(513, 'DAPW3', 12982, 'A', 'Diurno'),
(514, 'DAPW3', 12479, 'B', 'Diurno'),
(515, 'DAPW3', 12053, '2. kurtsoa', 'Diurno'),
(516, 'DAPW3', 14747, 'A', 'Diurno'),
(517, 'DAPW3', 12108, 'A', 'Diurno'),
(518, 'DAPW3', 10137, 'A inglés', 'Diurno'),
(519, 'DAPW3', 10248, 'A', 'Diurno'),
(520, 'INPC2', 14775, 'D', 'Diurno'),
(521, 'INPC2', 15666, 'A', 'Diurno'),
(522, 'INPC2', 13022, 'ABD', 'Diurno'),
(523, 'INPC2', 10296, 'A', 'Diurno'),
(524, 'INPC2', 14828, 'A', 'Diurno'),
(525, 'INFC2', 14680, 'A', 'Diurno'),
(526, 'INFC2', 12468, 'AD', 'Diurno'),
(527, 'INFC2', 15666, 'A', 'Diurno'),
(528, 'INFC2', 10296, 'A', 'Diurno'),
(529, 'MAEL2', 15628, 'ABD', 'Diurno'),
(530, 'MAEL2', 10319, 'ABD', 'Diurno'),
(531, 'MAEL2', 12746, 'B', 'Diurno'),
(532, 'MAEL2', 14069, 'A', 'Diurno'),
(533, 'MAEL2', 14205, 'A', 'Diurno'),
(534, 'MAEL2', 12529, 'B', 'Diurno'),
(535, 'MAEL2', 12763, 'ABD', 'Diurno'),
(536, 'MAEL2', 14279, 'ABD', 'Diurno'),
(537, 'MAEL2', 13534, 'D', 'Diurno'),
(538, 'MAEL2', 10201, 'A', 'Diurno'),
(539, 'MAEL2', 14775, 'D', 'Diurno'),
(540, 'MAEL2', 14779, 'A', 'Diurno'),
(541, 'MAEL2', 13015, 'D', 'Diurno'),
(542, 'MAEL2', 12581, 'D', 'Diurno'),
(543, 'MAEL2', 12572, 'B', 'Diurno'),
(544, 'MAEL2', 10138, 'ABD', 'Diurno'),
(545, 'MAEL2', 10248, 'A', 'Nocturno'),
(546, 'MAEL2', 10248, 'ABD', 'Diurno'),
(547, 'MAEL2', 12593, 'A', 'Diurno'),
(548, 'PRRP3', 14945, 'ABD', 'Diurno'),
(549, 'PRRP3', 12229, 'ABD', 'Diurno'),
(550, 'PRRP3', 14779, 'A', 'Diurno'),
(551, 'PRRP3', 10296, 'A', 'Diurno'),
(552, 'DPTF3', 15666, 'A', 'Diurno'),
(553, 'MITF3', 15112, 'A', 'Diurno'),
(554, 'MITF3', 12468, 'ABD', 'Diurno'),
(555, 'MITF3', 14441, 'AD', 'Diurno'),
(556, 'MITF3', 13023, 'D', 'Diurno'),
(557, 'MITF3', 13022, 'D', 'Diurno'),
(558, 'MITF3', 10296, 'ABD', 'Diurno'),
(559, 'MEIN3', 15628, 'AD', 'Diurno'),
(560, 'MEIN3', 10319, 'ABD inglés', 'Diurno'),
(561, 'MEIN3', 12456, 'D', 'Diurno'),
(562, 'MEIN3', 14069, 'A', 'Diurno'),
(563, 'MEIN3', 13020, 'D inglés', 'Diurno'),
(564, 'MEIN3', 12054, 'AD', 'Diurno'),
(565, 'MEIN3', 12763, 'D inglés', 'Diurno'),
(566, 'MEIN3', 12468, 'AD inglés', 'Diurno'),
(567, 'MEIN3', 14279, 'AD', 'Diurno'),
(568, 'MEIN3', 10201, 'A', 'Diurno'),
(569, 'MEIN3', 14775, 'D', 'Diurno'),
(570, 'MEIN3', 14779, 'A', 'Diurno'),
(571, 'MEIN3', 12581, 'D', 'Diurno'),
(572, 'MEIN3', 10138, 'ABD', 'Diurno'),
(573, 'MEIN3', 10248, 'ABD', 'Diurno'),
(574, 'MEIN3', 10248, 'A', 'Nocturno'),
(575, 'MEIN3', 13380, 'D', 'Diurno'),
(576, 'MEIN3', 12593, 'A', 'Diurno'),
(577, 'CAMU2', 13556, 'D', 'Diurno'),
(578, 'CAMU2', 12229, 'ABD', 'Diurno'),
(579, 'INAM2', 15021, 'D', 'Diurno'),
(580, 'INAM2', 14069, 'A', 'Diurno'),
(581, 'INAM2', 15069, 'A', 'Diurno'),
(582, 'INAM2', 14680, 'A', 'Diurno'),
(583, 'INAM2', 12229, 'ABD', 'Diurno'),
(584, 'INAM2', 13021, 'ABD', 'Diurno'),
(585, 'INAM2', 10296, 'A', 'Diurno'),
(586, 'DIAM3', 12229, 'AD', 'Diurno'),
(587, 'DIAM3', 13021, 'ABD', 'Diurno'),
(588, 'NPLI2', 14601, 'A', 'Diurno'),
(589, 'NPLI2', 12151, 'A', 'Diurno'),
(590, 'MCMB2', 14601, 'A', 'Diurno'),
(591, 'MCMB2', 14781, 'A', 'Diurno'),
(592, 'MCMB2', 12151, 'A', 'Diurno'),
(593, 'OSHI2', 12151, 'A ', 'Diurno'),
(594, 'TMPA3', 14781, 'A', 'Diurno'),
(595, 'TMPA3', 12151, 'A inglés', 'Diurno'),
(596, 'ACUI3', 13533, 'ABD inglés', 'Diurno'),
(597, 'OMMB3', 14601, 'A', 'Diurno'),
(598, 'OMMB3', 14781, 'A', 'Diurno'),
(599, 'OMMB3', 12151, 'A inglés', 'Diurno'),
(600, 'PLQI2', 12468, 'ABD', 'Diurno'),
(601, 'OPLA2', 15112, 'A', 'Diurno'),
(602, 'OPLA2', 10133, 'A', 'Diurno'),
(603, 'QUAM3', 15630, 'AB', 'Diurno'),
(604, 'QUAM3', 12468, 'ABD', 'Diurno'),
(605, 'LACC3', 15112, 'A', 'Diurno'),
(606, 'LACC3', 15763, 'ABD', 'Diurno'),
(607, 'LACC3', 14718, 'AB', 'Diurno'),
(608, 'LACC3', 14634, 'A', 'Diurno'),
(609, 'LACC3', 12468, 'AD', 'Diurno'),
(610, 'LACC3', 14422, 'AB', 'Diurno'),
(611, 'LACC3', 10248, 'A', 'Diurno'),
(612, 'QUIN3', 14634, 'AB', 'Diurno'),
(613, 'QUIN3', 12468, 'ABD', 'Diurno'),
(614, 'FPPB3', 12468, 'ABD', 'Diurno'),
(615, 'CAEN2', 15628, 'AD', 'Diurno'),
(616, 'CAEN2', 13255, 'D inglés', 'Diurno'),
(617, 'CAEN2', 12345, 'D', 'Diurno'),
(618, 'CAEN2', 14069, 'AD', 'Diurno'),
(619, 'CAEN2', 14086, 'D', 'Diurno'),
(620, 'CAEN2', 14665, 'A', 'Diurno'),
(621, 'CAEN2', 14633, 'A', 'Diurno'),
(622, 'CAEN2', 15326, 'A', 'Diurno'),
(623, 'CAEN2', 14615, 'A', 'Diurno'),
(624, 'CAEN2', 14619, 'AB', 'Diurno'),
(625, 'CAEN2', 12517, 'A', 'Diurno'),
(626, 'CAEN2', 13432, 'AD', 'Diurno'),
(627, 'CAEN2', 14301, 'A', 'Diurno'),
(628, 'CAEN2', 12432, 'A', 'Diurno'),
(629, 'CAEN2', 12108, 'AD', 'Diurno'),
(630, 'CAEN2', 10349, 'A', 'Diurno'),
(631, 'CAEN2', 15623, 'D', 'Diurno'),
(632, 'CAEN2', 14810, 'A', 'Diurno'),
(633, 'CAEN2', 15385, 'A', 'Diurno'),
(634, 'CAEN2', 12566, 'D', 'Diurno'),
(635, 'CAEN2', 12286, 'ABD', 'Diurno'),
(636, 'CAEN2', 10134, 'AD', 'Diurno'),
(637, 'CAEN2', 10248, 'A', 'Nocturno'),
(638, 'CAEN2', 10248, 'A', 'Diurno'),
(639, 'EMSA2', 12345, 'D', 'Diurno'),
(640, 'EMSA2', 14633, 'A', 'Diurno'),
(641, 'EMSA2', 12229, 'AD', 'Diurno'),
(642, 'EMSA2', 14301, 'AB', 'Diurno'),
(643, 'EMSA2', 10134, 'ABD', 'Diurno'),
(644, 'FAPA2', 14619, 'A', 'Diurno'),
(645, 'FAPA2', 14339, 'A', 'Diurno'),
(646, 'FAPA2', 14398, 'A', 'Diurno'),
(647, 'FAPA2', 14810, 'A', 'Diurno'),
(648, 'FAPA2', 12566, 'D', 'Diurno'),
(649, 'FAPA2', 10134, 'A', 'Diurno'),
(650, 'DIET3', 14069, 'A', 'Diurno'),
(651, 'DIET3', 14633, 'A', 'Diurno'),
(652, 'DIET3', 12497, 'A', 'Diurno'),
(653, 'DIET3', 12108, 'A', 'Diurno'),
(654, 'DIET3', 14339, 'ABD', 'Diurno'),
(655, 'DIET3', 10134, 'A', 'Diurno'),
(656, 'SAAM3', 15630, 'AB inglés', 'Diurno'),
(657, 'OPAP3', 10248, 'A', 'Diurno'),
(658, 'ANPA3', 12229, 'B', 'Diurno'),
(659, 'DADS3', 14301, 'A', 'Diurno'),
(660, 'DADS3', 14810, 'A', 'Diurno'),
(661, 'DADS3', 12566, 'B', 'Diurno'),
(662, 'HIGB3', 14069, 'AD', 'Diurno'),
(663, 'HIGB3', 12229, 'AD', 'Diurno'),
(664, 'HIGB3', 10134, 'AD', 'Diurno'),
(665, 'IDMN3', 14810, 'A', 'Diurno'),
(666, 'IDMN3', 12566, 'D', 'Diurno'),
(667, 'LACB3', 14633, 'A', 'Diurno'),
(668, 'LACB3', 14634, 'A', 'Diurno'),
(669, 'LACB3', 14718, 'AB', 'Diurno'),
(670, 'LACB3', 15630, 'A', 'Diurno'),
(671, 'LACB3', 12108, 'A', 'Diurno'),
(672, 'LACB3', 14810, 'A', 'Diurno'),
(673, 'LACB3', 10248, 'A', 'Diurno'),
(674, 'EDCA3', 14837, 'B', 'Diurno'),
(675, 'EDCA3', 12229, 'ABD', 'Diurno'),
(676, 'EDCA3', 14779, 'B', 'Diurno'),
(677, 'EDCA3', 10248, 'A', 'Diurno'),
(678, 'PESD2', 10319, 'ABD', 'Diurno'),
(679, 'PESD2', 13255, 'A', 'Diurno'),
(680, 'PESD2', 13556, 'D', 'Diurno'),
(681, 'PESD2', 15476, 'A', 'Diurno'),
(682, 'PESD2', 12380, 'D', 'Diurno'),
(683, 'PESD2', 14200, 'AD', 'Diurno'),
(684, 'PESD2', 14665, 'A', 'Diurno'),
(685, 'PESD2', 12229, 'AD', 'Diurno'),
(686, 'PESD2', 13432, 'D', 'Diurno'),
(687, 'PESD2', 14320, 'D', 'Diurno'),
(688, 'PESD2', 12108, 'A', 'Diurno'),
(689, 'PESD2', 14950, 'D', 'Diurno'),
(690, 'PESD2', 14779, 'A', 'Diurno'),
(691, 'PESD2', 12581, 'A', 'Diurno'),
(692, 'PESD2', 14810, 'A', 'Diurno'),
(693, 'PESD2', 12566, 'B', 'Diurno'),
(694, 'PESD2', 10134, 'A', 'Diurno'),
(695, 'PESD2', 10248, 'A', 'Diurno'),
(696, 'PESD2', 14723, 'B', 'Diurno'),
(697, 'EDIN3', 14069, 'D', 'Diurno'),
(698, 'EDIN3', 14200, 'AD inglés', 'Diurno'),
(699, 'EDIN3', 14665, 'AB', 'Diurno'),
(700, 'EDIN3', 14620, 'A', 'Diurno'),
(701, 'EDIN3', 12229, 'D', 'Diurno'),
(702, 'EDIN3', 15220, 'D', 'Diurno'),
(703, 'EDIN3', 13432, 'D', 'Diurno'),
(704, 'EDIN3', 14320, 'D', 'Diurno'),
(705, 'EDIN3', 14301, 'D', 'Diurno'),
(706, 'EDIN3', 12108, 'D', 'Diurno'),
(707, 'EDIN3', 15623, 'D', 'Diurno'),
(708, 'EDIN3', 12282, 'D', 'Diurno'),
(709, 'EDIN3', 14810, 'A', 'Diurno'),
(710, 'EDIN3', 14824, 'A', 'Diurno'),
(711, 'EDIN3', 10134, 'D', 'Diurno'),
(712, 'EDIN3', 10228, 'D', 'Diurno'),
(713, 'EDIN3', 10229, 'A', 'Diurno'),
(714, 'INSO3', 15572, 'D', 'Diurno'),
(715, 'INSO3', 12740, 'AD', 'Diurno'),
(716, 'INSO3', 12380, 'D', 'Diurno'),
(717, 'INSO3', 15763, 'AD', 'Diurno'),
(718, 'INSO3', 14633, 'A', 'Diurno'),
(719, 'INSO3', 14696, 'B', 'Diurno'),
(720, 'INSO3', 12490, 'AD', 'Diurno'),
(721, 'INSO3', 15630, 'AD', 'Diurno'),
(722, 'INSO3', 12108, 'ABD', 'Diurno'),
(723, 'INSO3', 14810, 'A', 'Diurno'),
(724, 'INSO3', 12566, 'D', 'Diurno'),
(725, 'INSO3', 10134, 'AD', 'Diurno'),
(726, 'INSO3', 10248, 'A', 'Diurno'),
(727, 'ASTU3', 15188, 'AB', 'Diurno'),
(728, 'ASTU3', 13534, 'D', 'Diurno'),
(729, 'ASTU3', 14441, 'ABD inglés', 'Diurno'),
(730, 'COMO2', 15069, 'A', 'Diurno'),
(731, 'PAMO3', 14069, 'A', 'Diurno'),
(732, 'PAMO3', 12479, 'A', 'Diurno'),
(733, 'VMES3', 12479, 'A', 'Diurno'),
(734, 'CARR2', 13255, 'D', 'Diurno'),
(735, 'CARR2', 14088, 'AD', 'Diurno'),
(736, 'CARR2', 14680, 'A', 'Diurno'),
(737, 'CARR2', 13432, 'D', 'Diurno'),
(738, 'CARR2', 12468, 'AD', 'Diurno'),
(739, 'CARR2', 14301, 'A', 'Diurno'),
(740, 'CARR2', 14824, 'A', 'Diurno'),
(741, 'CARR2', 10138, 'A', 'Diurno'),
(742, 'CARR2', 12593, 'A', 'Diurno'),
(743, 'ELVA2', 13255, 'D', 'Diurno'),
(744, 'ELVA2', 14088, 'AD', 'Diurno'),
(745, 'ELVA2', 14205, 'A', 'Diurno'),
(746, 'ELVA2', 14205, 'A', 'Nocturno'),
(747, 'ELVA2', 14200, 'ABD', 'Diurno'),
(748, 'ELVA2', 12529, 'B', 'Diurno'),
(749, 'ELVA2', 13432, 'D', 'Diurno'),
(750, 'ELVA2', 12468, 'AD', 'Diurno'),
(751, 'ELVA2', 14301, 'AD', 'Diurno'),
(752, 'ELVA2', 14950, 'D', 'Diurno'),
(753, 'ELVA2', 14779, 'A', 'Diurno'),
(754, 'ELVA2', 14422, 'AB', 'Diurno'),
(755, 'ELVA2', 14824, 'A', 'Diurno'),
(756, 'ELVA2', 10138, 'A', 'Diurno'),
(757, 'ELVA2', 10248, 'A', 'Diurno'),
(758, 'ELMA2', 14088, 'AD', 'Diurno'),
(759, 'ELMA2', 13432, 'D', 'Diurno'),
(760, 'AUTO3', 13255, 'D', 'Diurno'),
(761, 'AUTO3', 15386, 'A', 'Diurno'),
(762, 'AUTO3', 14088, 'AD', 'Diurno'),
(763, 'AUTO3', 14200, 'ABD', 'Diurno'),
(764, 'AUTO3', 13432, 'D inglés', 'Diurno'),
(765, 'AUTO3', 12468, 'AD', 'Diurno'),
(766, 'AUTO3', 14950, 'D', 'Diurno'),
(767, 'AUTO3', 14779, 'A', 'Diurno'),
(768, 'AUTO3', 14824, 'A', 'Diurno'),
(769, 'AUTO3', 10138, 'A', 'Diurno'),
(770, 'AUTO3', 10248, 'A', 'Diurno');

--
-- Índices para tablas volcadas
--

--
-- Indices de la tabla `centros`
--
ALTER TABLE `centros`
  ADD PRIMARY KEY (`cod_centro`);

--
-- Indices de la tabla `ciclos`
--
ALTER TABLE `ciclos`
  ADD PRIMARY KEY (`cod_ciclo`),
  ADD KEY `cod_familia` (`cod_familia`);

--
-- Indices de la tabla `familias`
--
ALTER TABLE `familias`
  ADD PRIMARY KEY (`cod_familia`);

--
-- Indices de la tabla `oferta`
--
ALTER TABLE `oferta`
  ADD PRIMARY KEY (`codigo`),
  ADD KEY `cod_ciclo` (`cod_ciclo`),
  ADD KEY `cod_centro` (`cod_centro`);

--
-- Restricciones para tablas volcadas
--

--
-- Filtros para la tabla `ciclos`
--
ALTER TABLE `ciclos`
  ADD CONSTRAINT `ciclos_ibfk_1` FOREIGN KEY (`cod_familia`) REFERENCES `familias` (`cod_familia`);

--
-- Filtros para la tabla `oferta`
--
ALTER TABLE `oferta`
  ADD CONSTRAINT `oferta_ibfk_1` FOREIGN KEY (`cod_centro`) REFERENCES `centros` (`cod_centro`),
  ADD CONSTRAINT `oferta_ibfk_2` FOREIGN KEY (`cod_ciclo`) REFERENCES `ciclos` (`cod_ciclo`);

/*!40101 SET CHARACTER_SET_CLIENT=@OLD_CHARACTER_SET_CLIENT */;
/*!40101 SET CHARACTER_SET_RESULTS=@OLD_CHARACTER_SET_RESULTS */;
/*!40101 SET COLLATION_CONNECTION=@OLD_COLLATION_CONNECTION */;
